sample_date,facility,target,n.bio,n.bio.non.miss,n.bio.miss,n.total,n.total.miss,bio.ct.mean,bio.ct.sd,tech.ct.dists
2020-06-30,A,N1,1,1,0,3,1,35.273908614999996,NA,"C = 35.27 (sd=1.27, n=2)"
2020-06-30,A,N2,1,1,0,3,2,37.04083633,NA,"C = 37.04 (sd=NA, n=1)"
2020-06-30,B,N1,1,1,0,3,2,37.04840088,NA,"C = 37.05 (sd=NA, n=1)"
2020-06-30,B,N2,1,1,0,3,1,37.50320816,NA,"C = 37.5 (sd=2.15, n=2)"
2020-06-30,C,N1,1,0,1,3,3,NA,NA,"C = NA (sd=NA, n=0)"
2020-06-30,C,N2,1,0,1,3,3,NA,NA,"C = NA (sd=NA, n=0)"
2020-07-07,A,N1,3,1,2,9,7,35.273908614999996,NA,"A = NA (sd=NA, n=0); B = NA (sd=NA, n=0); C = 35.27 (sd=1.27, n=2)"
2020-07-07,A,N2,2,0,2,6,6,NA,NA,"A = NA (sd=NA, n=0); B = NA (sd=NA, n=0)"
2020-07-07,B,N1,2,1,1,6,5,36.13670731,NA,"A = NA (sd=NA, n=0); B = 36.14 (sd=NA, n=1)"
2020-07-07,B,N2,2,1,1,6,5,37.07791901,NA,"A = NA (sd=NA, n=0); B = 37.08 (sd=NA, n=1)"
2020-07-07,C,N1,2,1,1,6,5,37.06201935,NA,"A = NA (sd=NA, n=0); B = 37.06 (sd=NA, n=1)"
2020-07-07,C,N2,2,2,0,6,4,36.44595337,0.38567401311352134,"A = 36.72 (sd=NA, n=1); B = 36.17 (sd=NA, n=1)"
2020-07-14,A,N1,2,1,1,6,5,37.05036163,NA,"A = NA (sd=NA, n=0); B = 37.05 (sd=NA, n=1)"
2020-07-14,A,N2,2,0,2,6,6,NA,NA,"A = NA (sd=NA, n=0); B = NA (sd=NA, n=0)"
2020-07-14,B,N1,2,0,2,6,6,NA,NA,"A = NA (sd=NA, n=0); B = NA (sd=NA, n=0)"
2020-07-14,B,N2,2,0,2,6,6,NA,NA,"A = NA (sd=NA, n=0); B = NA (sd=NA, n=0)"
2020-07-21,A,N1,2,0,2,6,6,NA,NA,"A = NA (sd=NA, n=0); B = NA (sd=NA, n=0)"
2020-07-21,A,N2,2,2,0,6,3,36.6479969,0.6244342180668647,"A = 37.09 (sd=NA, n=1); B = 36.21 (sd=0.13, n=2)"
2020-07-21,B,N1,2,2,0,6,3,35.006915092499995,0.921160169623886,"A = 34.36 (sd=NA, n=1); B = 35.66 (sd=1.99, n=2)"
2020-07-21,B,N2,2,2,0,6,1,34.97140089583333,1.048961105405735,"A = 35.71 (sd=0.81, n=3); B = 34.23 (sd=0.06, n=2)"
2020-07-21,C,N1,2,2,0,6,3,36.22300625,0.3514912268030291,"A = 36.47 (sd=0.72, n=2); B = 35.97 (sd=NA, n=1)"
2020-07-21,C,N2,2,1,1,6,4,37.375341415,NA,"A = 37.38 (sd=0.56, n=2); B = NA (sd=NA, n=0)"
2020-07-28,A,N1,2,1,1,6,4,35.015365599999996,NA,"A = NA (sd=NA, n=0); B = 35.02 (sd=0.45, n=2)"
2020-07-28,A,N2,2,2,0,6,3,35.97907829,0.5732322059192165,"A = 36.38 (sd=NA, n=1); B = 35.57 (sd=0.37, n=2)"
2020-07-28,B,N1,2,1,1,6,5,37.09705734,NA,"A = NA (sd=NA, n=0); B = 37.1 (sd=NA, n=1)"
2020-07-28,B,N2,2,1,1,6,3,35.877568563333334,NA,"A = NA (sd=NA, n=0); B = 35.88 (sd=0.05, n=3)"
2020-07-28,C,N1,2,1,1,6,5,36.88323975,NA,"A = NA (sd=NA, n=0); B = 36.88 (sd=NA, n=1)"
2020-07-28,C,N2,2,1,1,6,5,35.82485199,NA,"A = NA (sd=NA, n=0); B = 35.82 (sd=NA, n=1)"
2020-08-04,A,N1,2,0,2,6,6,NA,NA,"A = NA (sd=NA, n=0); B = NA (sd=NA, n=0)"
2020-08-04,A,N2,2,1,1,6,5,37.08876419,NA,"A = NA (sd=NA, n=0); B = 37.09 (sd=NA, n=1)"
2020-08-04,B,N1,2,0,2,6,6,NA,NA,"A = NA (sd=NA, n=0); B = NA (sd=NA, n=0)"
2020-08-04,B,N2,2,0,2,6,6,NA,NA,"A = NA (sd=NA, n=0); B = NA (sd=NA, n=0)"
2020-08-04,C,N1,2,0,2,6,6,NA,NA,"A = NA (sd=NA, n=0); B = NA (sd=NA, n=0)"
2020-08-04,C,N2,2,0,2,6,6,NA,NA,"A = NA (sd=NA, n=0); B = NA (sd=NA, n=0)"
2020-08-11,A,N1,2,1,1,6,5,37.00163269,NA,"A = NA (sd=NA, n=0); B = 37 (sd=NA, n=1)"
2020-08-11,A,N2,2,1,1,6,5,36.81105423,NA,"A = NA (sd=NA, n=0); B = 36.81 (sd=NA, n=1)"
2020-08-11,B,N1,2,0,2,6,6,NA,NA,"A = NA (sd=NA, n=0); B = NA (sd=NA, n=0)"
2020-08-11,B,N2,2,0,2,6,6,NA,NA,"A = NA (sd=NA, n=0); B = NA (sd=NA, n=0)"
2020-08-11,C,N1,2,1,1,6,5,35.11736679,NA,"A = 35.12 (sd=NA, n=1); B = NA (sd=NA, n=0)"
2020-08-11,C,N2,2,0,2,6,6,NA,NA,"A = NA (sd=NA, n=0); B = NA (sd=NA, n=0)"
2020-08-18,A,N1,2,1,1,6,5,36.58713531,NA,"A = 36.59 (sd=NA, n=1); B = NA (sd=NA, n=0)"
2020-08-18,A,N2,2,2,0,6,3,36.985206607500004,0.029622827919780947,"A = 37.01 (sd=NA, n=1); B = 36.96 (sd=0.02, n=2)"
2020-08-18,B,N1,2,2,0,6,4,36.40597725,1.032318610740946,"A = 37.14 (sd=NA, n=1); B = 35.68 (sd=NA, n=1)"
2020-08-18,B,N2,2,2,0,6,3,36.536773679999996,0.647726258870605,"A = 36.08 (sd=NA, n=1); B = 36.99 (sd=0.03, n=2)"
2020-08-18,C,N1,2,1,1,6,4,35.45380402000001,NA,"A = NA (sd=NA, n=0); B = 35.45 (sd=0.76, n=2)"
2020-08-18,C,N2,2,2,0,6,2,35.83395195166666,0.029517632822455838,"A = 35.85 (sd=NA, n=1); B = 35.81 (sd=0.14, n=3)"
2020-08-25,A,N1,2,2,0,6,3,36.4786586725,0.1039118764731727,"A = 36.55 (sd=0.73, n=2); B = 36.41 (sd=NA, n=1)"
2020-08-25,A,N2,2,1,1,6,5,36.51285553,NA,"A = 36.51 (sd=NA, n=1); B = NA (sd=NA, n=0)"
2020-08-25,B,N1,2,1,1,6,5,36.49091721,NA,"A = 36.49 (sd=NA, n=1); B = NA (sd=NA, n=0)"
2020-08-25,B,N2,2,1,1,6,5,37.00814438,NA,"A = NA (sd=NA, n=0); B = 37.01 (sd=NA, n=1)"
2020-08-25,C,N1,2,1,1,6,5,36.22146606,NA,"A = NA (sd=NA, n=0); B = 36.22 (sd=NA, n=1)"
2020-08-25,C,N2,2,1,1,6,5,37.05305862,NA,"A = NA (sd=NA, n=0); B = 37.05 (sd=NA, n=1)"
2020-09-01,A,N1,2,2,0,6,2,35.39644146,0.578922364898102,"A = 35.81 (sd=0.94, n=2); B = 34.99 (sd=1.04, n=2)"
2020-09-01,A,N2,2,2,0,6,1,35.71880626583334,0.5908988174773298,"A = 36.14 (sd=1.04, n=3); B = 35.3 (sd=1.41, n=2)"
2020-09-01,B,N1,2,2,0,6,3,36.453196525,0.36483795922180523,"A = 36.71 (sd=0.51, n=2); B = 36.2 (sd=NA, n=1)"
2020-09-01,B,N2,2,2,0,6,4,35.768722534999995,0.32171329854632524,"A = 36 (sd=NA, n=1); B = 35.54 (sd=NA, n=1)"
2020-09-01,C,N1,2,0,2,6,6,NA,NA,"A = NA (sd=NA, n=0); B = NA (sd=NA, n=0)"
2020-09-01,C,N2,2,2,0,6,4,35.768060680000005,0.13976569399343178,"A = 35.87 (sd=NA, n=1); B = 35.67 (sd=NA, n=1)"
2020-09-08,A,N1,2,2,0,6,1,35.66489346833333,0.21401787635627448,"A = 35.82 (sd=0.26, n=2); B = 35.51 (sd=1, n=3)"
2020-09-08,A,N2,2,2,0,6,0,35.910690943333336,0.03660819085423687,"A = 35.94 (sd=0.73, n=3); B = 35.88 (sd=0.78, n=3)"
2020-09-08,B,N1,2,2,0,6,2,36.74626668166667,0.4226103840100174,"A = 36.45 (sd=0.12, n=3); B = 37.05 (sd=NA, n=1)"
2020-09-08,B,N2,2,2,0,6,1,36.1477330525,0.03618110189393498,"A = 36.17 (sd=1.23, n=2); B = 36.12 (sd=0.8, n=3)"
2020-09-08,C,N1,2,1,1,6,5,35.96999741,NA,"A = 35.97 (sd=NA, n=1); B = NA (sd=NA, n=0)"
2020-09-08,C,N2,2,1,1,6,5,35.6877327,NA,"A = 35.69 (sd=NA, n=1); B = NA (sd=NA, n=0)"
2020-09-15,A,N1,4,4,0,12,5,36.4794597625,0.4799313965378647,"A = 36.25 (sd=0.02, n=2); B = 36.88 (sd=NA, n=1); C = 35.91 (sd=1.36, n=2); D = 36.88 (sd=0.19, n=2)"
2020-09-15,A,N2,4,3,1,12,7,36.32254219166666,0.5974625632873567,"A = 36 (sd=1.48, n=2); B = 35.96 (sd=0.06, n=2); C = NA (sd=NA, n=0); D = 37.01 (sd=NA, n=1)"
2020-09-15,B,N1,4,3,1,12,9,36.23181661,0.9166800657714183,"A = 35.28 (sd=NA, n=1); B = 37.11 (sd=NA, n=1); C = NA (sd=NA, n=0); D = 36.31 (sd=NA, n=1)"
2020-09-15,B,N2,4,3,1,12,7,35.940860746666665,0.9573982757779537,"A = NA (sd=NA, n=0); B = 36.73 (sd=NA, n=1); C = 36.22 (sd=1.23, n=2); D = 34.88 (sd=0.1, n=2)"
2020-09-15,C,N1,2,1,1,6,4,35.895559309999996,NA,"A = NA (sd=NA, n=0); B = 35.9 (sd=0.14, n=2)"
2020-09-15,C,N2,2,1,1,6,5,34.80220795,NA,"A = NA (sd=NA, n=0); B = 34.8 (sd=NA, n=1)"
2020-09-22,A,N1,2,2,0,6,3,36.735630992500006,0.33583283150179916,"A = 36.97 (sd=0.07, n=2); B = 36.5 (sd=NA, n=1)"
2020-09-22,A,N2,2,1,1,6,5,36.42221451,NA,"A = 36.42 (sd=NA, n=1); B = NA (sd=NA, n=0)"
2020-09-22,B,N1,2,0,2,6,6,NA,NA,"A = NA (sd=NA, n=0); B = NA (sd=NA, n=0)"
2020-09-22,B,N2,2,2,0,6,3,36.6447896925,0.6022332819173728,"A = 36.22 (sd=0, n=2); B = 37.07 (sd=NA, n=1)"
2020-09-22,C,N1,2,1,1,6,5,36.82409668,NA,"A = NA (sd=NA, n=0); B = 36.82 (sd=NA, n=1)"
2020-09-22,C,N2,2,0,2,6,6,NA,NA,"A = NA (sd=NA, n=0); B = NA (sd=NA, n=0)"
2020-09-29,A,N1,2,0,2,6,6,NA,NA,"A = NA (sd=NA, n=0); B = NA (sd=NA, n=0)"
2020-09-29,A,N2,2,0,2,6,6,NA,NA,"A = NA (sd=NA, n=0); B = NA (sd=NA, n=0)"
2020-09-29,B,N1,2,2,0,6,3,35.8649072675,0.3514210994880081,"A = 35.62 (sd=0.72, n=2); B = 36.11 (sd=NA, n=1)"
2020-09-29,B,N2,2,2,0,6,4,36.97477913,0.038953126646276565,"A = 37 (sd=NA, n=1); B = 36.95 (sd=NA, n=1)"
2020-09-29,C,N1,2,0,2,6,6,NA,NA,"A = NA (sd=NA, n=0); B = NA (sd=NA, n=0)"
2020-09-29,C,N2,2,0,2,6,6,NA,NA,"A = NA (sd=NA, n=0); B = NA (sd=NA, n=0)"
2020-10-06,A,N1,2,0,2,6,6,NA,NA,"A = NA (sd=NA, n=0); B = NA (sd=NA, n=0)"
2020-10-06,A,N2,2,1,1,6,5,36.9985466,NA,"A = 37 (sd=NA, n=1); B = NA (sd=NA, n=0)"
2020-10-06,B,N1,2,1,1,6,5,36.98809052,NA,"A = NA (sd=NA, n=0); B = 36.99 (sd=NA, n=1)"
2020-10-06,B,N2,2,0,2,6,6,NA,NA,"A = NA (sd=NA, n=0); B = NA (sd=NA, n=0)"
2020-10-06,C,N1,2,0,2,6,6,NA,NA,"A = NA (sd=NA, n=0); B = NA (sd=NA, n=0)"
2020-10-06,C,N2,2,1,1,6,4,36.27082634,NA,"A = 36.27 (sd=0.05, n=2); B = NA (sd=NA, n=0)"
2020-10-13,A,N1,3,1,2,9,7,36.593706135,NA,"A = NA (sd=NA, n=0); B = 36.59 (sd=0.6, n=2); C = NA (sd=NA, n=0)"
2020-10-13,A,N2,3,3,0,9,3,36.15614319,0.679372626252453,"A = 36.44 (sd=0.7, n=2); B = 35.38 (sd=0.8, n=2); C = 36.65 (sd=0.57, n=2)"
2020-10-13,B,N1,3,0,3,9,9,NA,NA,"A = NA (sd=NA, n=0); B = NA (sd=NA, n=0); C = NA (sd=NA, n=0)"
2020-10-13,B,N2,3,0,3,9,9,NA,NA,"A = NA (sd=NA, n=0); B = NA (sd=NA, n=0); C = NA (sd=NA, n=0)"
2020-10-13,C,N1,3,0,3,9,9,NA,NA,"A = NA (sd=NA, n=0); B = NA (sd=NA, n=0); C = NA (sd=NA, n=0)"
2020-10-13,C,N2,3,0,3,9,9,NA,NA,"A = NA (sd=NA, n=0); B = NA (sd=NA, n=0); C = NA (sd=NA, n=0)"
2020-10-20,A,N1,3,1,2,9,7,36.54047394,NA,"A = 36.54 (sd=0.45, n=2); B = NA (sd=NA, n=0); C = NA (sd=NA, n=0)"
2020-10-20,A,N2,3,3,0,9,5,36.55905850833333,0.34835997557272647,"A = 36.28 (sd=NA, n=1); B = 36.95 (sd=0.16, n=2); C = 36.45 (sd=NA, n=1)"
2020-10-20,B,N1,3,2,1,9,6,36.9806737925,0.03420975182759067,"A = 36.96 (sd=0.01, n=2); B = NA (sd=NA, n=0); C = 37 (sd=NA, n=1)"
2020-10-20,B,N2,3,1,2,9,8,36.3941803,NA,"A = NA (sd=NA, n=0); B = NA (sd=NA, n=0); C = 36.39 (sd=NA, n=1)"
2020-10-20,C,N1,3,0,3,9,9,NA,NA,"A = NA (sd=NA, n=0); B = NA (sd=NA, n=0); C = NA (sd=NA, n=0)"
2020-10-20,C,N2,3,0,3,9,9,NA,NA,"A = NA (sd=NA, n=0); B = NA (sd=NA, n=0); C = NA (sd=NA, n=0)"
2020-10-27,A,N1,3,1,2,9,7,36.817333219999995,NA,"A = NA (sd=NA, n=0); B = NA (sd=NA, n=0); C = 36.82 (sd=3.11, n=2)"
2020-10-27,A,N2,3,2,1,9,7,35.47173691,0.28668489030728106,"A = NA (sd=NA, n=0); B = 35.27 (sd=NA, n=1); C = 35.67 (sd=NA, n=1)"
2020-10-27,B,N1,3,2,1,9,7,36.58705902,0.6305330423388688,"A = 36.14 (sd=NA, n=1); B = 37.03 (sd=NA, n=1); C = NA (sd=NA, n=0)"
2020-10-27,B,N2,3,3,0,9,4,35.99395307166667,0.3736798369011384,"A = 35.69 (sd=0.03, n=2); B = 36.41 (sd=0.95, n=2); C = 35.88 (sd=NA, n=1)"
2020-10-27,C,N1,3,1,2,9,8,35.55426407,NA,"A = NA (sd=NA, n=0); B = NA (sd=NA, n=0); C = 35.55 (sd=NA, n=1)"
2020-10-27,C,N2,3,2,1,9,7,35.6427803,1.336069933334097,"A = NA (sd=NA, n=0); B = 34.7 (sd=NA, n=1); C = 36.59 (sd=NA, n=1)"
2020-11-02,A,N1,3,0,3,9,9,NA,NA,"A = NA (sd=NA, n=0); B = NA (sd=NA, n=0); C = NA (sd=NA, n=0)"
2020-11-02,A,N2,3,0,3,9,9,NA,NA,"A = NA (sd=NA, n=0); B = NA (sd=NA, n=0); C = NA (sd=NA, n=0)"
2020-11-02,B,N1,3,2,1,9,5,36.426563265,0.910647065100231,"A = 35.78 (sd=0.96, n=3); B = 37.07 (sd=NA, n=1); C = NA (sd=NA, n=0)"
2020-11-02,B,N2,3,1,2,9,8,37.00466156,NA,"A = 37 (sd=NA, n=1); B = NA (sd=NA, n=0); C = NA (sd=NA, n=0)"
2020-11-02,C,N1,3,2,1,9,7,36.61300659,0.37780839769590596,"A = 36.88 (sd=NA, n=1); B = NA (sd=NA, n=0); C = 36.35 (sd=NA, n=1)"
2020-11-02,C,N2,3,0,3,9,9,NA,NA,"A = NA (sd=NA, n=0); B = NA (sd=NA, n=0); C = NA (sd=NA, n=0)"
2020-11-04,A,N1,3,1,2,9,8,35.883705140000004,NA,"A = NA (sd=NA, n=0); B = 35.88 (sd=NA, n=1); C = NA (sd=NA, n=0)"
2020-11-04,A,N2,3,0,3,9,9,NA,NA,"A = NA (sd=NA, n=0); B = NA (sd=NA, n=0); C = NA (sd=NA, n=0)"
2020-11-04,B,N1,3,2,1,9,7,35.815832135,0.08442586973897662,"A = 35.88 (sd=NA, n=1); B = NA (sd=NA, n=0); C = 35.76 (sd=NA, n=1)"
2020-11-04,B,N2,3,0,3,9,9,NA,NA,"A = NA (sd=NA, n=0); B = NA (sd=NA, n=0); C = NA (sd=NA, n=0)"
2020-11-04,C,N1,3,0,3,9,9,NA,NA,"A = NA (sd=NA, n=0); B = NA (sd=NA, n=0); C = NA (sd=NA, n=0)"
2020-11-04,C,N2,3,0,3,9,9,NA,NA,"A = NA (sd=NA, n=0); B = NA (sd=NA, n=0); C = NA (sd=NA, n=0)"
2020-11-09,A,N1,3,1,2,9,8,36.28522491,NA,"A = 36.29 (sd=NA, n=1); B = NA (sd=NA, n=0); C = NA (sd=NA, n=0)"
2020-11-09,A,N2,3,3,0,9,6,36.861516316666666,0.14896924336552797,"A = 36.69 (sd=NA, n=1); B = 36.97 (sd=NA, n=1); C = 36.92 (sd=NA, n=1)"
2020-11-09,B,N1,3,0,3,9,9,NA,NA,"A = NA (sd=NA, n=0); B = NA (sd=NA, n=0); C = NA (sd=NA, n=0)"
2020-11-09,B,N2,3,0,3,9,9,NA,NA,"A = NA (sd=NA, n=0); B = NA (sd=NA, n=0); C = NA (sd=NA, n=0)"
2020-11-09,C,N1,3,1,2,9,8,36.79566193,NA,"A = NA (sd=NA, n=0); B = 36.8 (sd=NA, n=1); C = NA (sd=NA, n=0)"
2020-11-09,C,N2,3,0,3,9,9,NA,NA,"A = NA (sd=NA, n=0); B = NA (sd=NA, n=0); C = NA (sd=NA, n=0)"
2020-11-11,A,N1,3,0,3,9,9,NA,NA,"A = NA (sd=NA, n=0); B = NA (sd=NA, n=0); C = NA (sd=NA, n=0)"
2020-11-11,A,N2,3,2,1,9,7,36.923620225,0.033547542791476606,"A = NA (sd=NA, n=0); B = 36.9 (sd=NA, n=1); C = 36.95 (sd=NA, n=1)"
2020-11-11,B,N1,3,2,1,9,7,36.696718215,0.013284690869796303,"A = 36.69 (sd=NA, n=1); B = NA (sd=NA, n=0); C = 36.71 (sd=NA, n=1)"
2020-11-11,B,N2,3,1,2,9,8,35.97872543,NA,"A = 35.98 (sd=NA, n=1); B = NA (sd=NA, n=0); C = NA (sd=NA, n=0)"
2020-11-11,C,N1,3,1,2,9,8,37.00862885,NA,"A = NA (sd=NA, n=0); B = NA (sd=NA, n=0); C = 37.01 (sd=NA, n=1)"
2020-11-11,C,N2,3,1,2,9,7,37.010593415,NA,"A = NA (sd=NA, n=0); B = 37.01 (sd=0.01, n=2); C = NA (sd=NA, n=0)"
2020-11-16,A,N1,3,1,2,9,8,36.98565674,NA,"A = 36.99 (sd=NA, n=1); B = NA (sd=NA, n=0); C = NA (sd=NA, n=0)"
2020-11-16,A,N2,3,0,3,9,9,NA,NA,"A = NA (sd=NA, n=0); B = NA (sd=NA, n=0); C = NA (sd=NA, n=0)"
2020-11-16,B,N1,3,1,2,9,8,36.1028595,NA,"A = NA (sd=NA, n=0); B = NA (sd=NA, n=0); C = 36.1 (sd=NA, n=1)"
2020-11-16,B,N2,3,0,3,9,9,NA,NA,"A = NA (sd=NA, n=0); B = NA (sd=NA, n=0); C = NA (sd=NA, n=0)"
2020-11-16,C,N1,3,1,2,9,8,37.07284927,NA,"A = NA (sd=NA, n=0); B = 37.07 (sd=NA, n=1); C = NA (sd=NA, n=0)"
2020-11-16,C,N2,3,0,3,9,9,NA,NA,"A = NA (sd=NA, n=0); B = NA (sd=NA, n=0); C = NA (sd=NA, n=0)"
2020-11-18,A,N1,3,1,2,9,7,36.96091843,NA,"A = NA (sd=NA, n=0); B = 36.96 (sd=0.05, n=2); C = NA (sd=NA, n=0)"
2020-11-18,A,N2,3,0,3,9,9,NA,NA,"A = NA (sd=NA, n=0); B = NA (sd=NA, n=0); C = NA (sd=NA, n=0)"
2020-11-18,B,N1,3,0,3,9,9,NA,NA,"A = NA (sd=NA, n=0); B = NA (sd=NA, n=0); C = NA (sd=NA, n=0)"
2020-11-18,B,N2,3,1,2,9,8,36.16389465,NA,"A = NA (sd=NA, n=0); B = 36.16 (sd=NA, n=1); C = NA (sd=NA, n=0)"
2020-11-18,C,N1,3,0,3,9,9,NA,NA,"A = NA (sd=NA, n=0); B = NA (sd=NA, n=0); C = NA (sd=NA, n=0)"
2020-11-18,C,N2,3,2,1,9,7,36.683115009999995,0.5170939520427766,"A = 37.05 (sd=NA, n=1); B = NA (sd=NA, n=0); C = 36.32 (sd=NA, n=1)"
2020-11-23,A,N1,3,1,2,9,8,35.77248383,NA,"A = NA (sd=NA, n=0); B = 35.77 (sd=NA, n=1); C = NA (sd=NA, n=0)"
2020-11-23,A,N2,3,1,2,9,8,37.09080887,NA,"A = NA (sd=NA, n=0); B = 37.09 (sd=NA, n=1); C = NA (sd=NA, n=0)"
2020-11-23,B,N1,3,2,1,9,5,35.63821411166667,0.035772897398730914,"A = 35.66 (sd=NA, n=1); B = NA (sd=NA, n=0); C = 35.61 (sd=0.08, n=3)"
2020-11-23,B,N2,3,1,2,9,8,36.10042572,NA,"A = NA (sd=NA, n=0); B = 36.1 (sd=NA, n=1); C = NA (sd=NA, n=0)"
2020-11-23,C,N1,3,1,2,9,8,37.05794907,NA,"A = NA (sd=NA, n=0); B = NA (sd=NA, n=0); C = 37.06 (sd=NA, n=1)"
2020-11-23,C,N2,3,1,2,9,8,36.25643158,NA,"A = NA (sd=NA, n=0); B = 36.26 (sd=NA, n=1); C = NA (sd=NA, n=0)"
2020-11-25,A,N1,3,2,1,9,7,36.58555222,0.11263256430147124,"A = 36.67 (sd=NA, n=1); B = NA (sd=NA, n=0); C = 36.51 (sd=NA, n=1)"
2020-11-25,A,N2,3,0,3,9,9,NA,NA,"A = NA (sd=NA, n=0); B = NA (sd=NA, n=0); C = NA (sd=NA, n=0)"
2020-11-25,B,N1,3,3,0,9,5,36.487389883333336,0.19317194075454697,"A = 36.41 (sd=NA, n=1); B = 36.35 (sd=NA, n=1); C = 36.71 (sd=0.47, n=2)"
2020-11-25,B,N2,3,3,0,9,6,36.63122686,0.47394839090308416,"A = 37.01 (sd=NA, n=1); B = 36.1 (sd=NA, n=1); C = 36.78 (sd=NA, n=1)"
2020-11-25,C,N1,2,0,2,6,6,NA,NA,"A = NA (sd=NA, n=0); B = NA (sd=NA, n=0)"
2020-11-25,C,N2,2,1,1,6,5,35.44885635,NA,"A = 35.45 (sd=NA, n=1); B = NA (sd=NA, n=0)"
2020-11-30,A,N1,3,2,1,9,7,36.829515455,0.28156253100261835,"A = 37.03 (sd=NA, n=1); B = NA (sd=NA, n=0); C = 36.63 (sd=NA, n=1)"
2020-11-30,A,N2,3,1,2,9,8,35.93220139,NA,"A = NA (sd=NA, n=0); B = 35.93 (sd=NA, n=1); C = NA (sd=NA, n=0)"
2020-11-30,B,N1,3,3,0,9,6,36.55605316,0.0953026063144513,"A = 36.66 (sd=NA, n=1); B = 36.48 (sd=NA, n=1); C = 36.52 (sd=NA, n=1)"
2020-11-30,B,N2,3,1,2,9,7,36.540298465,NA,"A = 36.54 (sd=0.74, n=2); B = NA (sd=NA, n=0); C = NA (sd=NA, n=0)"
2020-11-30,C,N1,3,1,2,9,8,35.858284,NA,"A = NA (sd=NA, n=0); B = 35.86 (sd=NA, n=1); C = NA (sd=NA, n=0)"
2020-11-30,C,N2,3,0,3,9,9,NA,NA,"A = NA (sd=NA, n=0); B = NA (sd=NA, n=0); C = NA (sd=NA, n=0)"
2020-12-02,A,N1,3,1,2,9,8,36.71424866,NA,"A = 36.71 (sd=NA, n=1); B = NA (sd=NA, n=0); C = NA (sd=NA, n=0)"
2020-12-02,A,N2,3,1,2,9,8,35.94485855,NA,"A = 35.94 (sd=NA, n=1); B = NA (sd=NA, n=0); C = NA (sd=NA, n=0)"
2020-12-02,B,N1,3,2,1,9,7,36.889751434999994,0.18161042775535424,"A = 37.02 (sd=NA, n=1); B = 36.76 (sd=NA, n=1); C = NA (sd=NA, n=0)"
2020-12-02,B,N2,3,1,2,9,7,36.068611145000006,NA,"A = 36.07 (sd=1.39, n=2); B = NA (sd=NA, n=0); C = NA (sd=NA, n=0)"
2020-12-02,C,N1,3,2,1,9,7,36.423475265,0.10744007414625086,"A = 36.5 (sd=NA, n=1); B = NA (sd=NA, n=0); C = 36.35 (sd=NA, n=1)"
2020-12-02,C,N2,3,0,3,9,9,NA,NA,"A = NA (sd=NA, n=0); B = NA (sd=NA, n=0); C = NA (sd=NA, n=0)"
2020-12-07,A,N1,3,3,0,9,5,35.255996705,0.5974365841482081,"A = 34.57 (sd=NA, n=1); B = 35.6 (sd=0.03, n=2); C = 35.6 (sd=NA, n=1)"
2020-12-07,A,N2,3,3,0,9,6,36.526737213333334,0.6838788415903156,"A = 37.05 (sd=NA, n=1); B = 36.78 (sd=NA, n=1); C = 35.75 (sd=NA, n=1)"
2020-12-07,B,N1,3,2,1,9,5,36.3560419075,0.21597393995251463,"A = 36.2 (sd=0.77, n=2); B = NA (sd=NA, n=0); C = 36.51 (sd=0.81, n=2)"
2020-12-07,B,N2,3,2,1,9,6,35.371681214999995,0.1482975666334844,"A = 35.48 (sd=NA, n=1); B = 35.27 (sd=0.65, n=2); C = NA (sd=NA, n=0)"
2020-12-07,C,N1,3,1,2,9,8,35.75260925,NA,"A = NA (sd=NA, n=0); B = NA (sd=NA, n=0); C = 35.75 (sd=NA, n=1)"
2020-12-07,C,N2,3,1,2,9,8,36.08492279,NA,"A = NA (sd=NA, n=0); B = NA (sd=NA, n=0); C = 36.08 (sd=NA, n=1)"
2020-12-09,A,N1,3,0,3,9,9,NA,NA,"A = NA (sd=NA, n=0); B = NA (sd=NA, n=0); C = NA (sd=NA, n=0)"
2020-12-09,A,N2,3,1,2,9,8,35.80426407,NA,"A = NA (sd=NA, n=0); B = 35.8 (sd=NA, n=1); C = NA (sd=NA, n=0)"
2020-12-09,B,N1,3,3,0,9,5,35.838980355000004,1.1758574023455521,"A = 35.74 (sd=0.01, n=2); B = 37.06 (sd=NA, n=1); C = 34.72 (sd=NA, n=1)"
2020-12-09,B,N2,3,3,0,9,3,35.71947861,0.8262449150228017,"A = 35.55 (sd=0.18, n=2); B = 34.99 (sd=0.11, n=2); C = 36.62 (sd=0.64, n=2)"
2020-12-09,C,N1,3,1,2,9,8,35.99475861,NA,"A = NA (sd=NA, n=0); B = NA (sd=NA, n=0); C = 35.99 (sd=NA, n=1)"
2020-12-09,C,N2,3,1,2,9,8,35.77574921,NA,"A = 35.78 (sd=NA, n=1); B = NA (sd=NA, n=0); C = NA (sd=NA, n=0)"
2020-12-14,A,N1,3,3,0,9,6,35.68520736666667,0.05574582310532816,"A = 35.72 (sd=NA, n=1); B = 35.71 (sd=NA, n=1); C = 35.62 (sd=NA, n=1)"
2020-12-14,A,N2,3,2,1,9,7,36.44205475,0.7423995412957402,"A = NA (sd=NA, n=0); B = 36.97 (sd=NA, n=1); C = 35.92 (sd=NA, n=1)"
2020-12-14,B,N1,3,3,0,9,5,36.26352818833333,0.7109181853687071,"A = 35.68 (sd=1.08, n=2); B = 36.06 (sd=NA, n=1); C = 37.06 (sd=NA, n=1)"
2020-12-14,B,N2,3,2,1,9,6,37.455202105,1.4545693413858671,"A = 38.48 (sd=NA, n=1); B = 36.43 (sd=0.22, n=2); C = NA (sd=NA, n=0)"
2020-12-14,C,N1,3,1,2,9,8,34.99859238,NA,"A = 35 (sd=NA, n=1); B = NA (sd=NA, n=0); C = NA (sd=NA, n=0)"
2020-12-14,C,N2,3,2,1,9,7,35.945968625000006,0.32354753353672455,"A = 36.17 (sd=NA, n=1); B = 35.72 (sd=NA, n=1); C = NA (sd=NA, n=0)"
2020-12-16,A,N1,3,1,2,9,7,35.543899535,NA,"A = 35.54 (sd=0.48, n=2); B = NA (sd=NA, n=0); C = NA (sd=NA, n=0)"
2020-12-16,A,N2,3,2,1,9,5,34.438392003333334,0.44745431913749384,"A = 34.12 (sd=NA, n=1); B = 34.75 (sd=0.79, n=3); C = NA (sd=NA, n=0)"
2020-12-16,B,N1,3,2,1,9,7,36.60721397499999,0.6258692417818085,"A = 37.05 (sd=NA, n=1); B = NA (sd=NA, n=0); C = 36.16 (sd=NA, n=1)"
2020-12-16,B,N2,3,3,0,9,5,34.33979479333333,0.5912136755439317,"A = 34.13 (sd=0.22, n=2); B = 35.01 (sd=NA, n=1); C = 33.88 (sd=NA, n=1)"
2020-12-16,C,N1,3,1,2,9,7,34.97867775,NA,"A = 34.98 (sd=1.18, n=2); B = NA (sd=NA, n=0); C = NA (sd=NA, n=0)"
2020-12-16,C,N2,3,3,0,9,3,34.85429255166667,0.41594785162573356,"A = 34.38 (sd=1.19, n=2); B = 35.02 (sd=0.32, n=2); C = 35.16 (sd=0.27, n=2)"
2020-12-21,A,N1,3,2,1,9,6,34.30726147,0.14570131802034,"A = 34.41 (sd=0.03, n=2); B = 34.2 (sd=NA, n=1); C = NA (sd=NA, n=0)"
2020-12-21,A,N2,3,1,2,9,8,36.09857941,NA,"A = NA (sd=NA, n=0); B = 36.1 (sd=NA, n=1); C = NA (sd=NA, n=0)"
2020-12-21,B,N1,3,2,1,9,5,35.10673077833333,0.6787076734407982,"A = 34.63 (sd=NA, n=1); B = NA (sd=NA, n=0); C = 35.59 (sd=1.45, n=3)"
2020-12-21,B,N2,3,2,1,9,7,36.51758194,0.7890537396116464,"A = NA (sd=NA, n=0); B = 35.96 (sd=NA, n=1); C = 37.08 (sd=NA, n=1)"
2020-12-21,C,N1,3,3,0,9,0,34.436377207777774,0.23734952833847014,"A = 34.71 (sd=0.56, n=3); B = 34.27 (sd=0.93, n=3); C = 34.34 (sd=0.09, n=3)"
2020-12-21,C,N2,3,3,0,9,3,35.66598701666667,0.4573559468563561,"A = 35.87 (sd=0.23, n=2); B = 35.98 (sd=0.19, n=2); C = 35.14 (sd=1, n=2)"
2020-12-28,A,N1,3,1,2,9,8,36.16211319,NA,"A = NA (sd=NA, n=0); B = 36.16 (sd=NA, n=1); C = NA (sd=NA, n=0)"
2020-12-28,A,N2,3,2,1,9,6,35.5915870625,0.18092529431739152,"A = 35.46 (sd=NA, n=1); B = NA (sd=NA, n=0); C = 35.72 (sd=0.22, n=2)"
2020-12-28,B,N1,3,3,0,9,2,35.224444919444444,0.6420484608146386,"A = 34.48 (sd=1.13, n=2); B = 35.56 (sd=0.37, n=2); C = 35.63 (sd=0.08, n=3)"
2020-12-28,B,N2,3,3,0,9,5,35.01916949,0.6886165905037335,"A = 34.75 (sd=NA, n=1); B = 35.8 (sd=1.77, n=2); C = 34.5 (sd=NA, n=1)"
2020-12-28,C,N1,3,3,0,9,3,35.30312750111111,0.7339264805546554,"A = 34.49 (sd=NA, n=1); B = 35.92 (sd=1.61, n=2); C = 35.5 (sd=0.54, n=3)"
2020-12-28,C,N2,3,2,1,9,6,35.42796421,0.8986342047713458,"A = 36.06 (sd=0.68, n=2); B = NA (sd=NA, n=0); C = 34.79 (sd=NA, n=1)"
2021-01-04,A,N1,3,1,2,9,7,36.141563415,NA,"A = 36.14 (sd=1.1, n=2); B = NA (sd=NA, n=0); C = NA (sd=NA, n=0)"
2021-01-04,A,N2,3,2,1,9,5,35.4209966675,0.48680621747451175,"A = 35.08 (sd=0.91, n=2); B = 35.77 (sd=1.86, n=2); C = NA (sd=NA, n=0)"
2021-01-04,B,N1,3,2,1,9,6,36.6145362875,0.08099208496332146,"A = 36.56 (sd=0.7, n=2); B = 36.67 (sd=NA, n=1); C = NA (sd=NA, n=0)"
2021-01-04,B,N2,3,3,0,9,6,36.20473989,1.1694432117868918,"A = 36.94 (sd=NA, n=1); B = 34.86 (sd=NA, n=1); C = 36.82 (sd=NA, n=1)"
2021-01-04,C,N1,3,2,1,9,7,36.500041960000004,0.7205560087332561,"A = 35.99 (sd=NA, n=1); B = NA (sd=NA, n=0); C = 37.01 (sd=NA, n=1)"
2021-01-04,C,N2,3,2,1,9,7,35.86340904,0.08990158444432922,"A = NA (sd=NA, n=0); B = 35.8 (sd=NA, n=1); C = 35.93 (sd=NA, n=1)"
2021-01-11,A,N1,3,2,1,9,4,33.877215703333334,0.30542191421820347,"A = NA (sd=NA, n=0); B = 33.66 (sd=0.55, n=3); C = 34.09 (sd=0.16, n=2)"
2021-01-11,A,N2,3,2,1,9,5,35.47998237833333,0.09592757907489181,"A = 35.55 (sd=NA, n=1); B = NA (sd=NA, n=0); C = 35.41 (sd=0.71, n=3)"
2021-01-11,B,N1,3,3,0,9,2,34.10997708611111,0.2977605085949903,"A = 34.22 (sd=0.78, n=3); B = 34.34 (sd=0.55, n=2); C = 33.77 (sd=0.82, n=2)"
2021-01-11,B,N2,3,3,0,9,4,35.52367973333333,0.25657779686169624,"A = 35.27 (sd=1, n=2); B = 35.51 (sd=NA, n=1); C = 35.78 (sd=0.06, n=2)"
2021-01-11,C,N1,3,3,0,9,3,34.85887252166667,1.1717399327422804,"A = 36.21 (sd=2.21, n=3); B = 34.19 (sd=NA, n=1); C = 34.18 (sd=0.35, n=2)"
2021-01-11,C,N2,3,3,0,9,6,36.18882115666667,0.771083571334738,"A = 35.73 (sd=NA, n=1); B = 35.76 (sd=NA, n=1); C = 37.08 (sd=NA, n=1)"
2021-01-13,A,N1,3,2,1,9,5,35.960030875,0.04534686394350827,"A = 35.93 (sd=0.39, n=3); B = 35.99 (sd=NA, n=1); C = NA (sd=NA, n=0)"
2021-01-13,A,N2,3,2,1,9,6,34.7232370375,0.30952780163234994,"A = 34.5 (sd=NA, n=1); B = 34.94 (sd=1.29, n=2); C = NA (sd=NA, n=0)"
2021-01-13,B,N1,3,3,0,9,3,35.983132045000005,0.9085540173395733,"A = 36.5 (sd=0.8, n=2); B = 36.51 (sd=0.64, n=2); C = 34.93 (sd=0.03, n=2)"
2021-01-13,B,N2,3,3,0,9,2,35.98309728833333,0.47710294409798343,"A = 35.44 (sd=1.24, n=3); B = 36.35 (sd=1, n=2); C = 36.15 (sd=0.64, n=2)"
2021-01-13,C,N1,3,1,2,9,8,36.37888336,NA,"A = 36.38 (sd=NA, n=1); B = NA (sd=NA, n=0); C = NA (sd=NA, n=0)"
2021-01-13,C,N2,3,2,1,9,7,36.560689925,0.08849894621996554,"A = NA (sd=NA, n=0); B = 36.5 (sd=NA, n=1); C = 36.62 (sd=NA, n=1)"
2021-01-19,A,N1,3,3,0,9,4,34.695095064444445,2.005638368026034,"A = 36.57 (sd=NA, n=1); B = 32.58 (sd=0.54, n=3); C = 34.93 (sd=NA, n=1)"
2021-01-19,A,N2,3,3,0,18,10,35.61472714633333,1.433356308926281,"A = 36.82 (sd=NA, n=1); B = 34.03 (sd=0.8, n=5); C = 35.99 (sd=0.15, n=2)"
2021-01-19,B,N1,3,3,0,9,2,35.83873240111111,0.356875272231123,"A = 35.93 (sd=0.72, n=2); B = 36.14 (sd=0.83, n=3); C = 35.44 (sd=0.06, n=2)"
2021-01-19,B,N2,3,3,0,18,13,35.51939222777778,0.6987590808653723,"A = 35.7 (sd=NA, n=1); B = 36.11 (sd=0.12, n=3); C = 34.75 (sd=NA, n=1)"
2021-01-19,C,N1,3,2,1,9,7,35.456884384999995,0.03017578895820621,"A = 35.48 (sd=NA, n=1); B = NA (sd=NA, n=0); C = 35.44 (sd=NA, n=1)"
2021-01-19,C,N2,3,3,0,18,8,35.687555270555556,1.2271652589429782,"A = 35.36 (sd=0.93, n=5); B = 37.04 (sd=1.31, n=3); C = 34.66 (sd=0.27, n=2)"
2021-01-20,A,N1,3,2,1,9,5,35.2913160325,0.35005351254678396,"A = NA (sd=NA, n=0); B = 35.04 (sd=0.79, n=2); C = 35.54 (sd=0.13, n=2)"
2021-01-20,B,N1,3,2,1,9,6,36.116487505,0.6191527173100244,"A = NA (sd=NA, n=0); B = 36.55 (sd=NA, n=1); C = 35.68 (sd=1.12, n=2)"
2021-01-20,C,N1,3,3,0,9,1,35.45295524611111,0.7207072427282278,"A = 34.97 (sd=0.59, n=3); B = 36.28 (sd=0.17, n=2); C = 35.11 (sd=0.46, n=3)"
2021-01-25,A,N1,3,1,2,9,7,35.785806655,NA,"A = NA (sd=NA, n=0); B = NA (sd=NA, n=0); C = 35.79 (sd=0.01, n=2)"
2021-01-25,A,N2,3,2,1,9,6,35.384655955,0.06836690905280106,"A = NA (sd=NA, n=0); B = 35.43 (sd=NA, n=1); C = 35.34 (sd=1.8, n=2)"
2021-01-25,B,N1,3,3,0,9,4,35.48733732555555,0.6154305171298057,"A = 35.89 (sd=NA, n=1); B = 35.79 (sd=1.17, n=3); C = 34.78 (sd=NA, n=1)"
2021-01-25,B,N2,3,3,0,9,6,35.72197087666667,0.36797990983129086,"A = 35.89 (sd=NA, n=1); B = 35.97 (sd=NA, n=1); C = 35.3 (sd=NA, n=1)"
2021-01-25,C,N1,3,2,1,9,7,36.282337185,0.8882424715911488,"A = NA (sd=NA, n=0); B = 35.65 (sd=NA, n=1); C = 36.91 (sd=NA, n=1)"
2021-01-25,C,N2,3,2,1,9,7,36.356679920000005,1.0478016753802526,"A = NA (sd=NA, n=0); B = 35.62 (sd=NA, n=1); C = 37.1 (sd=NA, n=1)"
2021-01-27,A,N1,3,2,1,9,7,35.246648789999995,0.5918604390948279,"A = NA (sd=NA, n=0); B = 35.67 (sd=NA, n=1); C = 34.83 (sd=NA, n=1)"
2021-01-27,A,N2,3,2,1,9,6,36.067065240000005,0.776606595510961,"A = NA (sd=NA, n=0); B = 36.62 (sd=0.61, n=2); C = 35.52 (sd=NA, n=1)"
2021-01-27,B,N1,3,2,1,9,6,36.0307092675,0.5828551761424389,"A = 36.44 (sd=0.91, n=2); B = 35.62 (sd=NA, n=1); C = NA (sd=NA, n=0)"
2021-01-27,B,N2,3,3,0,9,6,35.364871980000004,0.2295748131461046,"A = 35.62 (sd=NA, n=1); B = 35.16 (sd=NA, n=1); C = 35.31 (sd=NA, n=1)"
2021-01-27,C,N1,3,3,0,9,5,35.965530394999995,0.2522572031192586,"A = 35.98 (sd=NA, n=1); B = 36.21 (sd=0.66, n=2); C = 35.71 (sd=NA, n=1)"
2021-01-27,C,N2,3,1,2,9,8,35.55244446,NA,"A = 35.55 (sd=NA, n=1); B = NA (sd=NA, n=0); C = NA (sd=NA, n=0)"
2021-02-01,A,N1,3,2,1,9,7,35.408441545,0.6689305032632868,"A = NA (sd=NA, n=0); B = 35.88 (sd=NA, n=1); C = 34.94 (sd=NA, n=1)"
2021-02-01,A,N2,3,0,3,9,9,NA,NA,"A = NA (sd=NA, n=0); B = NA (sd=NA, n=0); C = NA (sd=NA, n=0)"
2021-02-01,B,N1,3,1,2,9,8,35.95700073,NA,"A = NA (sd=NA, n=0); B = NA (sd=NA, n=0); C = 35.96 (sd=NA, n=1)"
2021-02-01,B,N2,3,0,3,9,9,NA,NA,"A = NA (sd=NA, n=0); B = NA (sd=NA, n=0); C = NA (sd=NA, n=0)"
2021-02-01,C,N1,3,2,1,9,6,36.574419975,0.6177945773154049,"A = 36.14 (sd=NA, n=1); B = NA (sd=NA, n=0); C = 37.01 (sd=0.06, n=2)"
2021-02-01,C,N2,3,2,1,9,6,36.3142375975,0.28687639957236516,"A = 36.52 (sd=0.77, n=2); B = 36.11 (sd=NA, n=1); C = NA (sd=NA, n=0)"
2021-02-03,A,N1,3,1,2,9,7,35.54881668,NA,"A = NA (sd=NA, n=0); B = 35.55 (sd=0.51, n=2); C = NA (sd=NA, n=0)"
2021-02-03,A,N2,3,1,2,9,7,36.84011078,NA,"A = NA (sd=NA, n=0); B = 36.84 (sd=0.26, n=2); C = NA (sd=NA, n=0)"
2021-02-03,B,N1,3,2,1,9,7,36.524175645,0.7706332049108698,"A = 35.98 (sd=NA, n=1); B = NA (sd=NA, n=0); C = 37.07 (sd=NA, n=1)"
2021-02-03,B,N2,3,0,3,9,9,NA,NA,"A = NA (sd=NA, n=0); B = NA (sd=NA, n=0); C = NA (sd=NA, n=0)"
2021-02-03,C,N1,3,3,0,9,4,36.47967402111111,0.5443781699308803,"A = 35.85 (sd=NA, n=1); B = 36.8 (sd=NA, n=1); C = 36.79 (sd=0.22, n=3)"
2021-02-03,C,N2,3,3,0,9,4,36.013792675,0.9224455168663223,"A = 35.67 (sd=0.56, n=2); B = 35.31 (sd=0.1, n=2); C = 37.06 (sd=NA, n=1)"
2021-02-08,A,N1,3,2,1,9,6,36.049485204999996,0.6604593215982608,"A = NA (sd=NA, n=0); B = 35.58 (sd=NA, n=1); C = 36.52 (sd=0.78, n=2)"
2021-02-08,A,N2,3,2,1,9,7,35.03401375,0.29188277568724114,"A = NA (sd=NA, n=0); B = 34.83 (sd=NA, n=1); C = 35.24 (sd=NA, n=1)"
2021-02-08,B,N1,3,2,1,9,7,36.5310688,0.4112264621646782,"A = 36.82 (sd=NA, n=1); B = 36.24 (sd=NA, n=1); C = NA (sd=NA, n=0)"
2021-02-08,B,N2,3,1,2,9,8,35.3446579,NA,"A = NA (sd=NA, n=0); B = 35.34 (sd=NA, n=1); C = NA (sd=NA, n=0)"
2021-02-08,C,N1,3,1,2,9,8,35.99350739,NA,"A = 35.99 (sd=NA, n=1); B = NA (sd=NA, n=0); C = NA (sd=NA, n=0)"
2021-02-08,C,N2,3,0,3,9,9,NA,NA,"A = NA (sd=NA, n=0); B = NA (sd=NA, n=0); C = NA (sd=NA, n=0)"
2021-02-10,A,N1,3,0,3,9,9,NA,NA,"A = NA (sd=NA, n=0); B = NA (sd=NA, n=0); C = NA (sd=NA, n=0)"
2021-02-10,A,N2,3,1,2,9,8,37.09644318,NA,"A = NA (sd=NA, n=0); B = 37.1 (sd=NA, n=1); C = NA (sd=NA, n=0)"
2021-02-10,B,N1,3,1,2,9,7,36.455785750000004,NA,"A = NA (sd=NA, n=0); B = NA (sd=NA, n=0); C = 36.46 (sd=0.75, n=2)"
2021-02-10,B,N2,3,2,1,9,7,35.46715164,0.91366275531383645,"A = 36.11 (sd=NA, n=1); B = NA (sd=NA, n=0); C = 34.82 (sd=NA, n=1)"
2021-02-10,C,N1,3,1,2,9,8,37.00684738,NA,"A = NA (sd=NA, n=0); B = 37.01 (sd=NA, n=1); C = NA (sd=NA, n=0)"
2021-02-10,C,N2,3,2,1,9,7,35.981445315,0.09935057457958149,"A = 35.91 (sd=NA, n=1); B = 36.05 (sd=NA, n=1); C = NA (sd=NA, n=0)"
2021-02-15,A,N1,3,0,3,9,9,NA,NA,"A = NA (sd=NA, n=0); B = NA (sd=NA, n=0); C = NA (sd=NA, n=0)"
2021-02-15,A,N2,3,0,3,9,9,NA,NA,"A = NA (sd=NA, n=0); B = NA (sd=NA, n=0); C = NA (sd=NA, n=0)"
2021-02-15,B,N1,3,0,3,9,9,NA,NA,"A = NA (sd=NA, n=0); B = NA (sd=NA, n=0); C = NA (sd=NA, n=0)"
2021-02-15,B,N2,3,1,2,9,8,36.9708786,NA,"A = 36.97 (sd=NA, n=1); B = NA (sd=NA, n=0); C = NA (sd=NA, n=0)"
2021-02-15,C,N1,3,2,1,9,7,36.915428165,0.11611760371215851,"A = 36.83 (sd=NA, n=1); B = 37 (sd=NA, n=1); C = NA (sd=NA, n=0)"
2021-02-15,C,N2,3,0,3,9,9,NA,NA,"A = NA (sd=NA, n=0); B = NA (sd=NA, n=0); C = NA (sd=NA, n=0)"
2021-02-17,A,N1,3,2,1,9,7,36.75967026,0.20419304953873466,"A = NA (sd=NA, n=0); B = 36.62 (sd=NA, n=1); C = 36.9 (sd=NA, n=1)"
2021-02-17,A,N2,3,1,2,9,8,36.47306442,NA,"A = NA (sd=NA, n=0); B = 36.47 (sd=NA, n=1); C = NA (sd=NA, n=0)"
2021-02-17,B,N1,3,1,2,9,7,36.416524890000005,NA,"A = 36.42 (sd=0.77, n=2); B = NA (sd=NA, n=0); C = NA (sd=NA, n=0)"
2021-02-17,B,N2,3,2,1,9,7,35.638334275,0.7320819977590239,"A = 35.12 (sd=NA, n=1); B = NA (sd=NA, n=0); C = 36.16 (sd=NA, n=1)"
2021-02-17,C,N1,3,2,1,9,6,36.6459941875,0.07313455884728388,"A = 36.7 (sd=NA, n=1); B = NA (sd=NA, n=0); C = 36.59 (sd=0.15, n=2)"
2021-02-17,C,N2,3,1,2,9,8,37.03403091,NA,"A = NA (sd=NA, n=0); B = NA (sd=NA, n=0); C = 37.03 (sd=NA, n=1)"
2021-02-22,A,N1,3,2,1,9,5,36.10120963833333,0.5208541219879776,"A = 36.47 (sd=NA, n=1); B = NA (sd=NA, n=0); C = 35.73 (sd=0.99, n=3)"
2021-02-22,A,N2,3,2,1,9,6,36.5484905225,0.04373831268892673,"A = 36.58 (sd=NA, n=1); B = NA (sd=NA, n=0); C = 36.52 (sd=0.16, n=2)"
2021-02-22,B,N1,3,0,3,9,9,NA,NA,"A = NA (sd=NA, n=0); B = NA (sd=NA, n=0); C = NA (sd=NA, n=0)"
2021-02-22,B,N2,3,3,0,9,5,36.554036456666665,0.4414508413530983,"A = 36.36 (sd=0.11, n=2); B = 36.24 (sd=NA, n=1); C = 37.06 (sd=NA, n=1)"
2021-02-22,C,N1,3,1,2,9,8,37.02815628,NA,"A = NA (sd=NA, n=0); B = 37.03 (sd=NA, n=1); C = NA (sd=NA, n=0)"
2021-02-22,C,N2,2,0,2,6,6,NA,NA,"A = NA (sd=NA, n=0); B = NA (sd=NA, n=0)"
2021-02-24,A,N1,3,0,3,9,9,NA,NA,"A = NA (sd=NA, n=0); B = NA (sd=NA, n=0); C = NA (sd=NA, n=0)"
2021-02-24,A,N2,3,0,3,9,9,NA,NA,"A = NA (sd=NA, n=0); B = NA (sd=NA, n=0); C = NA (sd=NA, n=0)"
2021-02-24,B,N1,3,0,3,9,9,NA,NA,"A = NA (sd=NA, n=0); B = NA (sd=NA, n=0); C = NA (sd=NA, n=0)"
2021-02-24,B,N2,3,1,2,9,8,37.06920242,NA,"A = 37.07 (sd=NA, n=1); B = NA (sd=NA, n=0); C = NA (sd=NA, n=0)"
2021-02-24,C,N1,3,2,1,9,6,35.95997715,0.5409376068465205,"A = 36.34 (sd=1.06, n=2); B = 35.58 (sd=NA, n=1); C = NA (sd=NA, n=0)"
2021-02-24,C,N2,3,0,3,9,9,NA,NA,"A = NA (sd=NA, n=0); B = NA (sd=NA, n=0); C = NA (sd=NA, n=0)"
2021-03-01,A,N1,3,1,2,9,7,36.916059495,NA,"A = NA (sd=NA, n=0); B = 36.92 (sd=0.11, n=2); C = NA (sd=NA, n=0)"
2021-03-01,A,N2,3,1,2,9,7,36.916303635,NA,"A = NA (sd=NA, n=0); B = NA (sd=NA, n=0); C = 36.92 (sd=0.12, n=2)"
2021-03-01,B,N1,3,0,3,9,9,NA,NA,"A = NA (sd=NA, n=0); B = NA (sd=NA, n=0); C = NA (sd=NA, n=0)"
2021-03-01,B,N2,3,0,3,9,9,NA,NA,"A = NA (sd=NA, n=0); B = NA (sd=NA, n=0); C = NA (sd=NA, n=0)"
2021-03-01,C,N1,3,0,3,9,9,NA,NA,"A = NA (sd=NA, n=0); B = NA (sd=NA, n=0); C = NA (sd=NA, n=0)"
2021-03-01,C,N2,3,0,3,9,9,NA,NA,"A = NA (sd=NA, n=0); B = NA (sd=NA, n=0); C = NA (sd=NA, n=0)"
2021-03-03,A,N1,3,1,2,9,8,36.26885605,NA,"A = NA (sd=NA, n=0); B = 36.27 (sd=NA, n=1); C = NA (sd=NA, n=0)"
2021-03-03,A,N2,3,1,2,9,8,36.87792587,NA,"A = NA (sd=NA, n=0); B = 36.88 (sd=NA, n=1); C = NA (sd=NA, n=0)"
2021-03-03,B,N1,3,1,2,9,8,36.99494934,NA,"A = NA (sd=NA, n=0); B = NA (sd=NA, n=0); C = 36.99 (sd=NA, n=1)"
2021-03-03,B,N2,3,3,0,9,6,36.20411809666667,0.7118902919964213,"A = 35.85 (sd=NA, n=1); B = 35.74 (sd=NA, n=1); C = 37.02 (sd=NA, n=1)"
2021-03-03,C,N1,3,0,3,9,9,NA,NA,"A = NA (sd=NA, n=0); B = NA (sd=NA, n=0); C = NA (sd=NA, n=0)"
2021-03-03,C,N2,3,1,2,9,8,36.85612869,NA,"A = NA (sd=NA, n=0); B = 36.86 (sd=NA, n=1); C = NA (sd=NA, n=0)"
2021-03-08,A,N1,3,2,1,9,7,36.88896561,0.15741476812486874,"A = 37 (sd=NA, n=1); B = 36.78 (sd=NA, n=1); C = NA (sd=NA, n=0)"
2021-03-08,A,N2,3,1,2,9,7,36.725053785,NA,"A = NA (sd=NA, n=0); B = 36.73 (sd=0.15, n=2); C = NA (sd=NA, n=0)"
2021-03-08,B,N1,3,0,3,9,9,NA,NA,"A = NA (sd=NA, n=0); B = NA (sd=NA, n=0); C = NA (sd=NA, n=0)"
2021-03-08,B,N2,3,1,2,9,8,37.01093292,NA,"A = NA (sd=NA, n=0); B = NA (sd=NA, n=0); C = 37.01 (sd=NA, n=1)"
2021-03-08,C,N1,3,0,3,9,9,NA,NA,"A = NA (sd=NA, n=0); B = NA (sd=NA, n=0); C = NA (sd=NA, n=0)"
2021-03-08,C,N2,3,1,2,9,8,36.92731857,NA,"A = 36.93 (sd=NA, n=1); B = NA (sd=NA, n=0); C = NA (sd=NA, n=0)"
2021-03-10,A,N1,3,0,3,9,9,NA,NA,"A = NA (sd=NA, n=0); B = NA (sd=NA, n=0); C = NA (sd=NA, n=0)"
2021-03-10,A,N2,3,2,1,9,7,36.355093,0.029452892482597286,"A = NA (sd=NA, n=0); B = 36.38 (sd=NA, n=1); C = 36.33 (sd=NA, n=1)"
2021-03-10,B,N1,3,3,0,9,5,35.64940643333333,0.9646937629185129,"A = 36.47 (sd=0.83, n=2); B = 35.89 (sd=NA, n=1); C = 34.59 (sd=NA, n=1)"
2021-03-10,B,N2,3,1,2,9,8,36.20521927,NA,"A = NA (sd=NA, n=0); B = NA (sd=NA, n=0); C = 36.21 (sd=NA, n=1)"
2021-03-10,C,N1,3,0,3,9,9,NA,NA,"A = NA (sd=NA, n=0); B = NA (sd=NA, n=0); C = NA (sd=NA, n=0)"
2021-03-10,C,N2,3,1,2,9,8,37.02570343,NA,"A = NA (sd=NA, n=0); B = NA (sd=NA, n=0); C = 37.03 (sd=NA, n=1)"
2021-03-15,A,N1,3,0,3,9,9,NA,NA,"A = NA (sd=NA, n=0); B = NA (sd=NA, n=0); C = NA (sd=NA, n=0)"
2021-03-15,A,N2,3,0,3,9,9,NA,NA,"A = NA (sd=NA, n=0); B = NA (sd=NA, n=0); C = NA (sd=NA, n=0)"
2021-03-15,B,N1,3,0,3,9,9,NA,NA,"A = NA (sd=NA, n=0); B = NA (sd=NA, n=0); C = NA (sd=NA, n=0)"
2021-03-15,B,N2,3,0,3,9,9,NA,NA,"A = NA (sd=NA, n=0); B = NA (sd=NA, n=0); C = NA (sd=NA, n=0)"
2021-03-15,C,N1,3,0,3,9,9,NA,NA,"A = NA (sd=NA, n=0); B = NA (sd=NA, n=0); C = NA (sd=NA, n=0)"
2021-03-15,C,N2,3,0,3,9,9,NA,NA,"A = NA (sd=NA, n=0); B = NA (sd=NA, n=0); C = NA (sd=NA, n=0)"
2021-03-17,A,N1,3,0,3,9,9,NA,NA,"A = NA (sd=NA, n=0); B = NA (sd=NA, n=0); C = NA (sd=NA, n=0)"
2021-03-17,A,N2,3,0,3,9,9,NA,NA,"A = NA (sd=NA, n=0); B = NA (sd=NA, n=0); C = NA (sd=NA, n=0)"
2021-03-17,B,N1,3,0,3,9,9,NA,NA,"A = NA (sd=NA, n=0); B = NA (sd=NA, n=0); C = NA (sd=NA, n=0)"
2021-03-17,B,N2,3,0,3,9,9,NA,NA,"A = NA (sd=NA, n=0); B = NA (sd=NA, n=0); C = NA (sd=NA, n=0)"
2021-03-17,C,N1,3,0,3,9,9,NA,NA,"A = NA (sd=NA, n=0); B = NA (sd=NA, n=0); C = NA (sd=NA, n=0)"
2021-03-17,C,N2,3,0,3,9,9,NA,NA,"A = NA (sd=NA, n=0); B = NA (sd=NA, n=0); C = NA (sd=NA, n=0)"
2021-03-22,A,N1,3,0,3,9,9,NA,NA,"A = NA (sd=NA, n=0); B = NA (sd=NA, n=0); C = NA (sd=NA, n=0)"
2021-03-22,A,N2,3,0,3,18,18,NA,NA,"A = NA (sd=NA, n=0); B = NA (sd=NA, n=0); C = NA (sd=NA, n=0)"
2021-03-22,B,N1,3,1,2,9,8,36.99000549,NA,"A = NA (sd=NA, n=0); B = NA (sd=NA, n=0); C = 36.99 (sd=NA, n=1)"
2021-03-22,B,N2,3,1,2,18,17,37.05361557,NA,"A = NA (sd=NA, n=0); B = 37.05 (sd=NA, n=1); C = NA (sd=NA, n=0)"
2021-03-22,C,N1,3,0,3,9,9,NA,NA,"A = NA (sd=NA, n=0); B = NA (sd=NA, n=0); C = NA (sd=NA, n=0)"
2021-03-22,C,N2,3,0,3,18,18,NA,NA,"A = NA (sd=NA, n=0); B = NA (sd=NA, n=0); C = NA (sd=NA, n=0)"
2021-03-24,A,N1,3,1,2,9,8,36.99760437,NA,"A = NA (sd=NA, n=0); B = 37 (sd=NA, n=1); C = NA (sd=NA, n=0)"
2021-03-24,B,N1,3,0,3,9,9,NA,NA,"A = NA (sd=NA, n=0); B = NA (sd=NA, n=0); C = NA (sd=NA, n=0)"
2021-03-24,C,N1,3,0,3,9,9,NA,NA,"A = NA (sd=NA, n=0); B = NA (sd=NA, n=0); C = NA (sd=NA, n=0)"
2021-03-29,A,N1,6,0,6,18,18,NA,NA,"A = NA (sd=NA, n=0); B = NA (sd=NA, n=0); C = NA (sd=NA, n=0); D = NA (sd=NA, n=0); E = NA (sd=NA, n=0); F = NA (sd=NA, n=0)"
2021-03-29,A,N2,6,0,6,18,18,NA,NA,"A = NA (sd=NA, n=0); B = NA (sd=NA, n=0); C = NA (sd=NA, n=0); D = NA (sd=NA, n=0); E = NA (sd=NA, n=0); F = NA (sd=NA, n=0)"
2021-03-29,B,N1,6,2,4,18,16,37.01605225,0.042505602830688376,"A = 36.99 (sd=NA, n=1); B = NA (sd=NA, n=0); C = NA (sd=NA, n=0); D = 37.05 (sd=NA, n=1); E = NA (sd=NA, n=0); F = NA (sd=NA, n=0)"
2021-03-29,B,N2,6,3,3,18,15,36.7535909,0.15921497711935131,"A = 36.74 (sd=NA, n=1); B = 36.6 (sd=NA, n=1); C = NA (sd=NA, n=0); D = NA (sd=NA, n=0); E = NA (sd=NA, n=0); F = 36.92 (sd=NA, n=1)"
2021-03-29,C,N1,6,3,3,18,15,35.715147656666666,0.40242485904291997,"A = 35.96 (sd=NA, n=1); B = 35.25 (sd=NA, n=1); C = NA (sd=NA, n=0); D = NA (sd=NA, n=0); E = 35.93 (sd=NA, n=1); F = NA (sd=NA, n=0)"
2021-03-29,C,N2,5,1,4,15,14,37.03382492,NA,"A = NA (sd=NA, n=0); B = NA (sd=NA, n=0); C = NA (sd=NA, n=0); D = NA (sd=NA, n=0); E = 37.03 (sd=NA, n=1)"
2021-03-31,A,N1,6,3,3,18,15,36.71783574333333,0.4494317862406426,"A = 36.99 (sd=NA, n=1); B = NA (sd=NA, n=0); C = 36.2 (sd=NA, n=1); D = NA (sd=NA, n=0); E = 36.97 (sd=NA, n=1); F = NA (sd=NA, n=0)"
2021-03-31,A,N2,6,2,4,18,16,36.369312285,0.2325912569018501,"A = 36.2 (sd=NA, n=1); B = NA (sd=NA, n=0); C = 36.53 (sd=NA, n=1); D = NA (sd=NA, n=0); E = NA (sd=NA, n=0); F = NA (sd=NA, n=0)"
2021-03-31,B,N1,6,0,6,18,18,NA,NA,"A = NA (sd=NA, n=0); B = NA (sd=NA, n=0); C = NA (sd=NA, n=0); D = NA (sd=NA, n=0); E = NA (sd=NA, n=0); F = NA (sd=NA, n=0)"
2021-03-31,B,N2,6,1,5,18,17,37.08060074,NA,"A = NA (sd=NA, n=0); B = 37.08 (sd=NA, n=1); C = NA (sd=NA, n=0); D = NA (sd=NA, n=0); E = NA (sd=NA, n=0); F = NA (sd=NA, n=0)"
2021-03-31,C,N1,6,3,3,18,15,36.32639821,0.9908226502210652,"A = 35.19 (sd=NA, n=1); B = 36.99 (sd=NA, n=1); C = NA (sd=NA, n=0); D = NA (sd=NA, n=0); E = NA (sd=NA, n=0); F = 36.8 (sd=NA, n=1)"
2021-03-31,C,N2,6,1,5,18,17,36.15950394,NA,"A = 36.16 (sd=NA, n=1); B = NA (sd=NA, n=0); C = NA (sd=NA, n=0); D = NA (sd=NA, n=0); E = NA (sd=NA, n=0); F = NA (sd=NA, n=0)"
2021-04-05,A,N1,6,1,5,18,15,36.20008596,NA,"A = NA (sd=NA, n=0); B = 36.2 (sd=0.15, n=3); C = NA (sd=NA, n=0); D = NA (sd=NA, n=0); E = NA (sd=NA, n=0); F = NA (sd=NA, n=0)"
2021-04-05,A,N2,6,3,3,18,15,36.652372996666664,0.6356942329876621,"A = NA (sd=NA, n=0); B = NA (sd=NA, n=0); C = 37.09 (sd=NA, n=1); D = 36.95 (sd=NA, n=1); E = NA (sd=NA, n=0); F = 35.92 (sd=NA, n=1)"
2021-04-05,B,N1,6,1,5,18,17,36.12955856,NA,"A = NA (sd=NA, n=0); B = NA (sd=NA, n=0); C = NA (sd=NA, n=0); D = NA (sd=NA, n=0); E = NA (sd=NA, n=0); F = 36.13 (sd=NA, n=1)"
2021-04-05,B,N2,6,0,6,18,18,NA,NA,"A = NA (sd=NA, n=0); B = NA (sd=NA, n=0); C = NA (sd=NA, n=0); D = NA (sd=NA, n=0); E = NA (sd=NA, n=0); F = NA (sd=NA, n=0)"
2021-04-05,C,N1,6,2,4,18,16,36.609155655,0.6150095099784828,"A = NA (sd=NA, n=0); B = 37.04 (sd=NA, n=1); C = 36.17 (sd=NA, n=1); D = NA (sd=NA, n=0); E = NA (sd=NA, n=0); F = NA (sd=NA, n=0)"
2021-04-05,C,N2,6,2,4,18,16,35.789356229999996,0.1806663482785879,"A = NA (sd=NA, n=0); B = NA (sd=NA, n=0); C = 35.66 (sd=NA, n=1); D = NA (sd=NA, n=0); E = NA (sd=NA, n=0); F = 35.92 (sd=NA, n=1)"
2021-04-07,A,N1,6,0,6,18,18,NA,NA,"A = NA (sd=NA, n=0); B = NA (sd=NA, n=0); C = NA (sd=NA, n=0); D = NA (sd=NA, n=0); E = NA (sd=NA, n=0); F = NA (sd=NA, n=0)"
2021-04-07,A,N2,6,0,6,18,18,NA,NA,"A = NA (sd=NA, n=0); B = NA (sd=NA, n=0); C = NA (sd=NA, n=0); D = NA (sd=NA, n=0); E = NA (sd=NA, n=0); F = NA (sd=NA, n=0)"
2021-04-07,B,N1,6,1,5,18,17,35.75204849,NA,"A = NA (sd=NA, n=0); B = NA (sd=NA, n=0); C = NA (sd=NA, n=0); D = NA (sd=NA, n=0); E = 35.75 (sd=NA, n=1); F = NA (sd=NA, n=0)"
2021-04-07,B,N2,6,3,3,18,14,36.385761896666665,0.031816930783619204,"A = NA (sd=NA, n=0); B = NA (sd=NA, n=0); C = 36.36 (sd=NA, n=1); D = 36.38 (sd=NA, n=1); E = 36.42 (sd=0.12, n=2); F = NA (sd=NA, n=0)"
2021-04-07,C,N1,6,3,3,18,14,35.47712135333333,1.2053442717178389,"A = NA (sd=NA, n=0); B = NA (sd=NA, n=0); C = NA (sd=NA, n=0); D = 34.76 (sd=NA, n=1); E = 36.87 (sd=0.3, n=2); F = 34.8 (sd=NA, n=1)"
2021-04-07,C,N2,6,5,1,18,11,36.098978043,0.2316218176797694,"A = NA (sd=NA, n=0); B = 36.08 (sd=NA, n=1); C = 36.41 (sd=0.89, n=2); D = 36.22 (sd=NA, n=1); E = 35.79 (sd=0.73, n=2); F = 36 (sd=NA, n=1)"
2021-04-12,A,N1,6,0,6,18,18,NA,NA,"A = NA (sd=NA, n=0); B = NA (sd=NA, n=0); C = NA (sd=NA, n=0); D = NA (sd=NA, n=0); E = NA (sd=NA, n=0); F = NA (sd=NA, n=0)"
2021-04-12,A,N2,6,0,6,18,18,NA,NA,"A = NA (sd=NA, n=0); B = NA (sd=NA, n=0); C = NA (sd=NA, n=0); D = NA (sd=NA, n=0); E = NA (sd=NA, n=0); F = NA (sd=NA, n=0)"
2021-04-12,B,N1,6,1,5,18,17,36.97531509,NA,"A = 36.98 (sd=NA, n=1); B = NA (sd=NA, n=0); C = NA (sd=NA, n=0); D = NA (sd=NA, n=0); E = NA (sd=NA, n=0); F = NA (sd=NA, n=0)"
2021-04-12,B,N2,6,1,5,18,17,37.0496788,NA,"A = 37.05 (sd=NA, n=1); B = NA (sd=NA, n=0); C = NA (sd=NA, n=0); D = NA (sd=NA, n=0); E = NA (sd=NA, n=0); F = NA (sd=NA, n=0)"
2021-04-12,C,N1,6,0,6,18,18,NA,NA,"A = NA (sd=NA, n=0); B = NA (sd=NA, n=0); C = NA (sd=NA, n=0); D = NA (sd=NA, n=0); E = NA (sd=NA, n=0); F = NA (sd=NA, n=0)"
2021-04-12,C,N2,6,0,6,18,18,NA,NA,"A = NA (sd=NA, n=0); B = NA (sd=NA, n=0); C = NA (sd=NA, n=0); D = NA (sd=NA, n=0); E = NA (sd=NA, n=0); F = NA (sd=NA, n=0)"
2021-04-14,A,N1,6,2,4,18,14,35.00812339666666,0.5782547665297977,"A = NA (sd=NA, n=0); B = 34.6 (sd=NA, n=1); C = NA (sd=NA, n=0); D = 35.42 (sd=1.47, n=3); E = NA (sd=NA, n=0); F = NA (sd=NA, n=0)"
2021-04-14,A,N2,6,0,6,18,18,NA,NA,"A = NA (sd=NA, n=0); B = NA (sd=NA, n=0); C = NA (sd=NA, n=0); D = NA (sd=NA, n=0); E = NA (sd=NA, n=0); F = NA (sd=NA, n=0)"
2021-04-14,B,N1,6,2,4,18,16,34.164182665,0.738242849437876,"A = NA (sd=NA, n=0); B = NA (sd=NA, n=0); C = NA (sd=NA, n=0); D = 33.64 (sd=NA, n=1); E = 34.69 (sd=NA, n=1); F = NA (sd=NA, n=0)"
2021-04-14,B,N2,6,2,4,18,16,36.49386406,0.7952820351352914,"A = NA (sd=NA, n=0); B = 35.93 (sd=NA, n=1); C = NA (sd=NA, n=0); D = NA (sd=NA, n=0); E = 37.06 (sd=NA, n=1); F = NA (sd=NA, n=0)"
2021-04-14,C,N1,6,2,4,18,14,34.329705555000004,0.0948603050976907,"A = NA (sd=NA, n=0); B = NA (sd=NA, n=0); C = NA (sd=NA, n=0); D = 34.4 (sd=NA, n=1); E = 34.26 (sd=0.42, n=3); F = NA (sd=NA, n=0)"
2021-04-14,C,N2,6,0,6,18,18,NA,NA,"A = NA (sd=NA, n=0); B = NA (sd=NA, n=0); C = NA (sd=NA, n=0); D = NA (sd=NA, n=0); E = NA (sd=NA, n=0); F = NA (sd=NA, n=0)"
2021-04-19,A,N1,6,1,5,18,17,36.98985672,NA,"A = NA (sd=NA, n=0); B = NA (sd=NA, n=0); C = NA (sd=NA, n=0); D = 36.99 (sd=NA, n=1); E = NA (sd=NA, n=0); F = NA (sd=NA, n=0)"
2021-04-19,A,N2,6,0,6,18,18,NA,NA,"A = NA (sd=NA, n=0); B = NA (sd=NA, n=0); C = NA (sd=NA, n=0); D = NA (sd=NA, n=0); E = NA (sd=NA, n=0); F = NA (sd=NA, n=0)"
2021-04-19,B,N1,6,0,6,18,18,NA,NA,"A = NA (sd=NA, n=0); B = NA (sd=NA, n=0); C = NA (sd=NA, n=0); D = NA (sd=NA, n=0); E = NA (sd=NA, n=0); F = NA (sd=NA, n=0)"
2021-04-19,B,N2,6,1,5,18,17,37.03052139,NA,"A = NA (sd=NA, n=0); B = NA (sd=NA, n=0); C = NA (sd=NA, n=0); D = NA (sd=NA, n=0); E = 37.03 (sd=NA, n=1); F = NA (sd=NA, n=0)"
2021-04-19,C,N1,6,0,6,18,18,NA,NA,"A = NA (sd=NA, n=0); B = NA (sd=NA, n=0); C = NA (sd=NA, n=0); D = NA (sd=NA, n=0); E = NA (sd=NA, n=0); F = NA (sd=NA, n=0)"
2021-04-19,C,N2,6,0,6,18,18,NA,NA,"A = NA (sd=NA, n=0); B = NA (sd=NA, n=0); C = NA (sd=NA, n=0); D = NA (sd=NA, n=0); E = NA (sd=NA, n=0); F = NA (sd=NA, n=0)"
2021-04-21,A,N1,6,0,6,18,18,NA,NA,"A = NA (sd=NA, n=0); B = NA (sd=NA, n=0); C = NA (sd=NA, n=0); D = NA (sd=NA, n=0); E = NA (sd=NA, n=0); F = NA (sd=NA, n=0)"
2021-04-21,A,N2,6,2,4,18,16,35.96281433,0.06657718643428263,"A = NA (sd=NA, n=0); B = 35.92 (sd=NA, n=1); C = 36.01 (sd=NA, n=1); D = NA (sd=NA, n=0); E = NA (sd=NA, n=0); F = NA (sd=NA, n=0)"
2021-04-21,B,N1,6,1,5,18,17,36.8590889,NA,"A = NA (sd=NA, n=0); B = NA (sd=NA, n=0); C = NA (sd=NA, n=0); D = 36.86 (sd=NA, n=1); E = NA (sd=NA, n=0); F = NA (sd=NA, n=0)"
2021-04-21,B,N2,6,2,4,18,12,32.70172691166667,1.0828246907515773,"A = NA (sd=NA, n=0); B = 31.94 (sd=0.81, n=3); C = 33.47 (sd=1.04, n=3); D = NA (sd=NA, n=0); E = NA (sd=NA, n=0); F = NA (sd=NA, n=0)"
2021-04-21,C,N1,6,3,3,18,14,36.14431953333333,0.9611802119777585,"A = 35.03 (sd=2.79, n=2); B = NA (sd=NA, n=0); C = NA (sd=NA, n=0); D = 36.72 (sd=NA, n=1); E = 36.68 (sd=NA, n=1); F = NA (sd=NA, n=0)"
2021-04-21,C,N2,6,3,3,18,13,36.180257798333336,0.7407668911562704,"A = 36.96 (sd=0.17, n=2); B = 35.49 (sd=0.43, n=2); C = NA (sd=NA, n=0); D = 36.09 (sd=NA, n=1); E = NA (sd=NA, n=0); F = NA (sd=NA, n=0)"
2021-04-26,A,N1,6,1,5,18,17,36.82143402,NA,"A = NA (sd=NA, n=0); B = NA (sd=NA, n=0); C = 36.82 (sd=NA, n=1); D = NA (sd=NA, n=0); E = NA (sd=NA, n=0); F = NA (sd=NA, n=0)"
2021-04-26,A,N2,6,0,6,18,18,NA,NA,"A = NA (sd=NA, n=0); B = NA (sd=NA, n=0); C = NA (sd=NA, n=0); D = NA (sd=NA, n=0); E = NA (sd=NA, n=0); F = NA (sd=NA, n=0)"
2021-04-26,B,N1,6,0,6,18,18,NA,NA,"A = NA (sd=NA, n=0); B = NA (sd=NA, n=0); C = NA (sd=NA, n=0); D = NA (sd=NA, n=0); E = NA (sd=NA, n=0); F = NA (sd=NA, n=0)"
2021-04-26,B,N2,6,2,4,18,16,36.825292590000004,0.28317017362498875,"A = NA (sd=NA, n=0); B = NA (sd=NA, n=0); C = 36.63 (sd=NA, n=1); D = NA (sd=NA, n=0); E = NA (sd=NA, n=0); F = 37.03 (sd=NA, n=1)"
2021-04-26,C,N1,6,1,5,18,17,37.016181950000004,NA,"A = NA (sd=NA, n=0); B = NA (sd=NA, n=0); C = 37.02 (sd=NA, n=1); D = NA (sd=NA, n=0); E = NA (sd=NA, n=0); F = NA (sd=NA, n=0)"
2021-04-26,C,N2,6,0,6,18,18,NA,NA,"A = NA (sd=NA, n=0); B = NA (sd=NA, n=0); C = NA (sd=NA, n=0); D = NA (sd=NA, n=0); E = NA (sd=NA, n=0); F = NA (sd=NA, n=0)"
2021-04-28,A,N1,4,1,3,12,11,36.86791229,NA,"A = 36.87 (sd=NA, n=1); B = NA (sd=NA, n=0); C = NA (sd=NA, n=0); D = NA (sd=NA, n=0)"
2021-04-28,A,N2,4,1,3,11,10,37.08833313,NA,"A = NA (sd=NA, n=0); B = NA (sd=NA, n=0); C = NA (sd=NA, n=0); D = 37.09 (sd=NA, n=1)"
2021-04-28,B,N1,4,1,3,12,11,36.83007431,NA,"A = 36.83 (sd=NA, n=1); B = NA (sd=NA, n=0); C = NA (sd=NA, n=0); D = NA (sd=NA, n=0)"
2021-04-28,B,N2,4,0,4,12,12,NA,NA,"A = NA (sd=NA, n=0); B = NA (sd=NA, n=0); C = NA (sd=NA, n=0); D = NA (sd=NA, n=0)"
2021-04-28,C,N1,4,1,3,12,11,36.99646759,NA,"A = 37 (sd=NA, n=1); B = NA (sd=NA, n=0); C = NA (sd=NA, n=0); D = NA (sd=NA, n=0)"
2021-04-28,C,N2,4,0,4,12,12,NA,NA,"A = NA (sd=NA, n=0); B = NA (sd=NA, n=0); C = NA (sd=NA, n=0); D = NA (sd=NA, n=0)"
2021-05-03,A,N1,6,1,5,18,17,36.9845047,NA,"A = NA (sd=NA, n=0); B = NA (sd=NA, n=0); C = NA (sd=NA, n=0); D = NA (sd=NA, n=0); E = NA (sd=NA, n=0); F = 36.98 (sd=NA, n=1)"
2021-05-03,A,N2,6,0,6,18,18,NA,NA,"A = NA (sd=NA, n=0); B = NA (sd=NA, n=0); C = NA (sd=NA, n=0); D = NA (sd=NA, n=0); E = NA (sd=NA, n=0); F = NA (sd=NA, n=0)"
2021-05-03,B,N1,6,0,6,18,18,NA,NA,"A = NA (sd=NA, n=0); B = NA (sd=NA, n=0); C = NA (sd=NA, n=0); D = NA (sd=NA, n=0); E = NA (sd=NA, n=0); F = NA (sd=NA, n=0)"
2021-05-03,B,N2,6,1,5,18,17,36.52880096,NA,"A = NA (sd=NA, n=0); B = NA (sd=NA, n=0); C = 36.53 (sd=NA, n=1); D = NA (sd=NA, n=0); E = NA (sd=NA, n=0); F = NA (sd=NA, n=0)"
2021-05-03,C,N1,6,0,6,18,18,NA,NA,"A = NA (sd=NA, n=0); B = NA (sd=NA, n=0); C = NA (sd=NA, n=0); D = NA (sd=NA, n=0); E = NA (sd=NA, n=0); F = NA (sd=NA, n=0)"
2021-05-03,C,N2,6,1,5,18,17,37.0250206,NA,"A = NA (sd=NA, n=0); B = 37.03 (sd=NA, n=1); C = NA (sd=NA, n=0); D = NA (sd=NA, n=0); E = NA (sd=NA, n=0); F = NA (sd=NA, n=0)"
2021-05-05,A,N1,3,0,3,9,9,NA,NA,"A = NA (sd=NA, n=0); B = NA (sd=NA, n=0); C = NA (sd=NA, n=0)"
2021-05-05,A,N2,3,0,3,9,9,NA,NA,"A = NA (sd=NA, n=0); B = NA (sd=NA, n=0); C = NA (sd=NA, n=0)"
2021-05-05,B,N1,3,0,3,9,9,NA,NA,"A = NA (sd=NA, n=0); B = NA (sd=NA, n=0); C = NA (sd=NA, n=0)"
2021-05-05,B,N2,3,1,2,9,8,37.01073074,NA,"A = 37.01 (sd=NA, n=1); B = NA (sd=NA, n=0); C = NA (sd=NA, n=0)"
2021-05-05,C,N1,3,0,3,9,9,NA,NA,"A = NA (sd=NA, n=0); B = NA (sd=NA, n=0); C = NA (sd=NA, n=0)"
2021-05-05,C,N2,3,0,3,9,9,NA,NA,"A = NA (sd=NA, n=0); B = NA (sd=NA, n=0); C = NA (sd=NA, n=0)"
2021-05-10,A,N1,6,1,5,18,17,36.66026688,NA,"A = NA (sd=NA, n=0); B = NA (sd=NA, n=0); C = 36.66 (sd=NA, n=1); D = NA (sd=NA, n=0); E = NA (sd=NA, n=0); F = NA (sd=NA, n=0)"
2021-05-10,A,N2,6,2,4,18,16,36.09373665,0.28845168145289246,"A = NA (sd=NA, n=0); B = 35.89 (sd=NA, n=1); C = NA (sd=NA, n=0); D = NA (sd=NA, n=0); E = NA (sd=NA, n=0); F = 36.3 (sd=NA, n=1)"
2021-05-10,B,N1,6,1,5,18,16,36.871530535000005,NA,"A = NA (sd=NA, n=0); B = NA (sd=NA, n=0); C = NA (sd=NA, n=0); D = NA (sd=NA, n=0); E = NA (sd=NA, n=0); F = 36.87 (sd=0.19, n=2)"
2021-05-10,B,N2,6,2,4,18,16,36.64206886,0.6220874862235979,"A = NA (sd=NA, n=0); B = NA (sd=NA, n=0); C = NA (sd=NA, n=0); D = NA (sd=NA, n=0); E = 36.2 (sd=NA, n=1); F = 37.08 (sd=NA, n=1)"
2021-05-10,C,N1,6,0,6,18,18,NA,NA,"A = NA (sd=NA, n=0); B = NA (sd=NA, n=0); C = NA (sd=NA, n=0); D = NA (sd=NA, n=0); E = NA (sd=NA, n=0); F = NA (sd=NA, n=0)"
2021-05-10,C,N2,6,0,6,18,18,NA,NA,"A = NA (sd=NA, n=0); B = NA (sd=NA, n=0); C = NA (sd=NA, n=0); D = NA (sd=NA, n=0); E = NA (sd=NA, n=0); F = NA (sd=NA, n=0)"
2021-05-12,A,N1,6,0,6,18,18,NA,NA,"A = NA (sd=NA, n=0); B = NA (sd=NA, n=0); C = NA (sd=NA, n=0); D = NA (sd=NA, n=0); E = NA (sd=NA, n=0); F = NA (sd=NA, n=0)"
2021-05-12,A,N2,6,1,5,18,17,36.90103912,NA,"A = NA (sd=NA, n=0); B = NA (sd=NA, n=0); C = NA (sd=NA, n=0); D = NA (sd=NA, n=0); E = 36.9 (sd=NA, n=1); F = NA (sd=NA, n=0)"
2021-05-12,B,N1,6,0,6,18,18,NA,NA,"A = NA (sd=NA, n=0); B = NA (sd=NA, n=0); C = NA (sd=NA, n=0); D = NA (sd=NA, n=0); E = NA (sd=NA, n=0); F = NA (sd=NA, n=0)"
2021-05-12,B,N2,6,1,5,18,17,37.02973938,NA,"A = NA (sd=NA, n=0); B = NA (sd=NA, n=0); C = NA (sd=NA, n=0); D = 37.03 (sd=NA, n=1); E = NA (sd=NA, n=0); F = NA (sd=NA, n=0)"
2021-05-12,C,N1,6,0,6,18,18,NA,NA,"A = NA (sd=NA, n=0); B = NA (sd=NA, n=0); C = NA (sd=NA, n=0); D = NA (sd=NA, n=0); E = NA (sd=NA, n=0); F = NA (sd=NA, n=0)"
2021-05-12,C,N2,6,2,4,17,15,36.82836914,0.14813571696234187,"A = NA (sd=NA, n=0); B = 36.93 (sd=NA, n=1); C = NA (sd=NA, n=0); D = 36.72 (sd=NA, n=1); E = NA (sd=NA, n=0); F = NA (sd=NA, n=0)"
2021-05-17,A,N1,3,0,3,9,9,NA,NA,"A = NA (sd=NA, n=0); B = NA (sd=NA, n=0); C = NA (sd=NA, n=0)"
2021-05-17,A,N2,3,0,3,9,9,NA,NA,"A = NA (sd=NA, n=0); B = NA (sd=NA, n=0); C = NA (sd=NA, n=0)"
2021-05-17,B,N1,3,0,3,9,9,NA,NA,"A = NA (sd=NA, n=0); B = NA (sd=NA, n=0); C = NA (sd=NA, n=0)"
2021-05-17,B,N2,3,0,3,9,9,NA,NA,"A = NA (sd=NA, n=0); B = NA (sd=NA, n=0); C = NA (sd=NA, n=0)"
2021-05-17,C,N1,3,1,2,9,8,37.01819229,NA,"A = NA (sd=NA, n=0); B = 37.02 (sd=NA, n=1); C = NA (sd=NA, n=0)"
2021-05-17,C,N2,2,0,2,6,6,NA,NA,"A = NA (sd=NA, n=0); B = NA (sd=NA, n=0)"
2021-05-19,A,N1,3,0,3,9,9,NA,NA,"A = NA (sd=NA, n=0); B = NA (sd=NA, n=0); C = NA (sd=NA, n=0)"
2021-05-19,A,N2,3,0,3,9,9,NA,NA,"A = NA (sd=NA, n=0); B = NA (sd=NA, n=0); C = NA (sd=NA, n=0)"
2021-05-19,B,N1,3,2,1,9,6,36.8432130825,0.25273408805402564,"A = NA (sd=NA, n=0); B = 36.66 (sd=0.08, n=2); C = 37.02 (sd=NA, n=1)"
2021-05-19,B,N2,3,2,1,9,7,36.64620399499999,0.5389428798300003,"A = NA (sd=NA, n=0); B = 36.27 (sd=NA, n=1); C = 37.03 (sd=NA, n=1)"
2021-05-19,C,N1,3,0,3,9,9,NA,NA,"A = NA (sd=NA, n=0); B = NA (sd=NA, n=0); C = NA (sd=NA, n=0)"
2021-05-19,C,N2,3,0,3,9,9,NA,NA,"A = NA (sd=NA, n=0); B = NA (sd=NA, n=0); C = NA (sd=NA, n=0)"
2021-05-24,A,N1,6,1,5,18,17,36.14895248,NA,"A = NA (sd=NA, n=0); B = NA (sd=NA, n=0); C = 36.15 (sd=NA, n=1); D = NA (sd=NA, n=0); E = NA (sd=NA, n=0); F = NA (sd=NA, n=0)"
2021-05-24,A,N2,6,1,5,18,16,37.29307747,NA,"A = NA (sd=NA, n=0); B = NA (sd=NA, n=0); C = NA (sd=NA, n=0); D = NA (sd=NA, n=0); E = NA (sd=NA, n=0); F = 37.29 (sd=0.31, n=2)"
2021-05-24,B,N1,6,1,5,18,17,37.04353714,NA,"A = NA (sd=NA, n=0); B = NA (sd=NA, n=0); C = NA (sd=NA, n=0); D = NA (sd=NA, n=0); E = NA (sd=NA, n=0); F = 37.04 (sd=NA, n=1)"
2021-05-24,B,N2,6,0,6,18,18,NA,NA,"A = NA (sd=NA, n=0); B = NA (sd=NA, n=0); C = NA (sd=NA, n=0); D = NA (sd=NA, n=0); E = NA (sd=NA, n=0); F = NA (sd=NA, n=0)"
2021-05-24,C,N1,6,0,6,18,18,NA,NA,"A = NA (sd=NA, n=0); B = NA (sd=NA, n=0); C = NA (sd=NA, n=0); D = NA (sd=NA, n=0); E = NA (sd=NA, n=0); F = NA (sd=NA, n=0)"
2021-05-24,C,N2,6,1,5,18,17,35.87480545,NA,"A = NA (sd=NA, n=0); B = 35.87 (sd=NA, n=1); C = NA (sd=NA, n=0); D = NA (sd=NA, n=0); E = NA (sd=NA, n=0); F = NA (sd=NA, n=0)"
2021-05-26,A,N1,4,0,4,12,12,NA,NA,"A = NA (sd=NA, n=0); B = NA (sd=NA, n=0); C = NA (sd=NA, n=0); D = NA (sd=NA, n=0)"
2021-05-26,A,N2,4,0,4,12,12,NA,NA,"A = NA (sd=NA, n=0); B = NA (sd=NA, n=0); C = NA (sd=NA, n=0); D = NA (sd=NA, n=0)"
2021-05-26,B,N1,4,0,4,12,12,NA,NA,"A = NA (sd=NA, n=0); B = NA (sd=NA, n=0); C = NA (sd=NA, n=0); D = NA (sd=NA, n=0)"
2021-05-26,B,N2,4,1,3,12,11,37.07089996,NA,"A = NA (sd=NA, n=0); B = 37.07 (sd=NA, n=1); C = NA (sd=NA, n=0); D = NA (sd=NA, n=0)"
2021-05-26,C,N1,4,0,4,12,12,NA,NA,"A = NA (sd=NA, n=0); B = NA (sd=NA, n=0); C = NA (sd=NA, n=0); D = NA (sd=NA, n=0)"
2021-05-26,C,N2,4,0,4,12,12,NA,NA,"A = NA (sd=NA, n=0); B = NA (sd=NA, n=0); C = NA (sd=NA, n=0); D = NA (sd=NA, n=0)"
2021-06-01,A,N1,6,0,6,18,18,NA,NA,"A = NA (sd=NA, n=0); B = NA (sd=NA, n=0); C = NA (sd=NA, n=0); D = NA (sd=NA, n=0); E = NA (sd=NA, n=0); F = NA (sd=NA, n=0)"
2021-06-01,A,N2,6,0,6,18,18,NA,NA,"A = NA (sd=NA, n=0); B = NA (sd=NA, n=0); C = NA (sd=NA, n=0); D = NA (sd=NA, n=0); E = NA (sd=NA, n=0); F = NA (sd=NA, n=0)"
2021-06-01,B,N1,6,0,6,18,18,NA,NA,"A = NA (sd=NA, n=0); B = NA (sd=NA, n=0); C = NA (sd=NA, n=0); D = NA (sd=NA, n=0); E = NA (sd=NA, n=0); F = NA (sd=NA, n=0)"
2021-06-01,B,N2,6,0,6,18,18,NA,NA,"A = NA (sd=NA, n=0); B = NA (sd=NA, n=0); C = NA (sd=NA, n=0); D = NA (sd=NA, n=0); E = NA (sd=NA, n=0); F = NA (sd=NA, n=0)"
2021-06-01,C,N1,6,0,6,18,18,NA,NA,"A = NA (sd=NA, n=0); B = NA (sd=NA, n=0); C = NA (sd=NA, n=0); D = NA (sd=NA, n=0); E = NA (sd=NA, n=0); F = NA (sd=NA, n=0)"
2021-06-01,C,N2,6,0,6,18,18,NA,NA,"A = NA (sd=NA, n=0); B = NA (sd=NA, n=0); C = NA (sd=NA, n=0); D = NA (sd=NA, n=0); E = NA (sd=NA, n=0); F = NA (sd=NA, n=0)"
2021-06-02,A,N1,3,0,3,9,9,NA,NA,"A = NA (sd=NA, n=0); B = NA (sd=NA, n=0); C = NA (sd=NA, n=0)"
2021-06-02,A,N2,3,0,3,9,9,NA,NA,"A = NA (sd=NA, n=0); B = NA (sd=NA, n=0); C = NA (sd=NA, n=0)"
2021-06-02,B,N1,3,0,3,9,9,NA,NA,"A = NA (sd=NA, n=0); B = NA (sd=NA, n=0); C = NA (sd=NA, n=0)"
2021-06-02,B,N2,3,0,3,9,9,NA,NA,"A = NA (sd=NA, n=0); B = NA (sd=NA, n=0); C = NA (sd=NA, n=0)"
2021-06-02,C,N1,3,0,3,9,9,NA,NA,"A = NA (sd=NA, n=0); B = NA (sd=NA, n=0); C = NA (sd=NA, n=0)"
2021-06-02,C,N2,3,0,3,9,9,NA,NA,"A = NA (sd=NA, n=0); B = NA (sd=NA, n=0); C = NA (sd=NA, n=0)"
2021-06-07,A,N1,6,0,6,18,18,NA,NA,"A = NA (sd=NA, n=0); B = NA (sd=NA, n=0); C = NA (sd=NA, n=0); D = NA (sd=NA, n=0); E = NA (sd=NA, n=0); F = NA (sd=NA, n=0)"
2021-06-07,A,N2,6,0,6,18,18,NA,NA,"A = NA (sd=NA, n=0); B = NA (sd=NA, n=0); C = NA (sd=NA, n=0); D = NA (sd=NA, n=0); E = NA (sd=NA, n=0); F = NA (sd=NA, n=0)"
2021-06-07,B,N1,6,2,4,18,16,36.985435484999996,0.016966638305839044,"A = 36.97 (sd=NA, n=1); B = NA (sd=NA, n=0); C = NA (sd=NA, n=0); D = 37 (sd=NA, n=1); E = NA (sd=NA, n=0); F = NA (sd=NA, n=0)"
2021-06-07,B,N2,6,0,6,18,18,NA,NA,"A = NA (sd=NA, n=0); B = NA (sd=NA, n=0); C = NA (sd=NA, n=0); D = NA (sd=NA, n=0); E = NA (sd=NA, n=0); F = NA (sd=NA, n=0)"
2021-06-07,C,N1,6,0,6,18,18,NA,NA,"A = NA (sd=NA, n=0); B = NA (sd=NA, n=0); C = NA (sd=NA, n=0); D = NA (sd=NA, n=0); E = NA (sd=NA, n=0); F = NA (sd=NA, n=0)"
2021-06-07,C,N2,6,0,6,18,18,NA,NA,"A = NA (sd=NA, n=0); B = NA (sd=NA, n=0); C = NA (sd=NA, n=0); D = NA (sd=NA, n=0); E = NA (sd=NA, n=0); F = NA (sd=NA, n=0)"
2021-06-09,A,N1,6,1,5,18,17,37.01827621,NA,"A = NA (sd=NA, n=0); B = NA (sd=NA, n=0); C = 37.02 (sd=NA, n=1); D = NA (sd=NA, n=0); E = NA (sd=NA, n=0); F = NA (sd=NA, n=0)"
2021-06-09,A,N2,6,1,5,18,17,32.1992569,NA,"A = NA (sd=NA, n=0); B = NA (sd=NA, n=0); C = NA (sd=NA, n=0); D = NA (sd=NA, n=0); E = 32.2 (sd=NA, n=1); F = NA (sd=NA, n=0)"
2021-06-09,B,N1,6,0,6,18,18,NA,NA,"A = NA (sd=NA, n=0); B = NA (sd=NA, n=0); C = NA (sd=NA, n=0); D = NA (sd=NA, n=0); E = NA (sd=NA, n=0); F = NA (sd=NA, n=0)"
2021-06-09,B,N2,6,0,6,18,18,NA,NA,"A = NA (sd=NA, n=0); B = NA (sd=NA, n=0); C = NA (sd=NA, n=0); D = NA (sd=NA, n=0); E = NA (sd=NA, n=0); F = NA (sd=NA, n=0)"
2021-06-09,C,N1,6,0,6,18,18,NA,NA,"A = NA (sd=NA, n=0); B = NA (sd=NA, n=0); C = NA (sd=NA, n=0); D = NA (sd=NA, n=0); E = NA (sd=NA, n=0); F = NA (sd=NA, n=0)"
2021-06-09,C,N2,6,0,6,18,18,NA,NA,"A = NA (sd=NA, n=0); B = NA (sd=NA, n=0); C = NA (sd=NA, n=0); D = NA (sd=NA, n=0); E = NA (sd=NA, n=0); F = NA (sd=NA, n=0)"
2021-06-14,A,N1,6,0,6,18,18,NA,NA,"A = NA (sd=NA, n=0); B = NA (sd=NA, n=0); C = NA (sd=NA, n=0); D = NA (sd=NA, n=0); E = NA (sd=NA, n=0); F = NA (sd=NA, n=0)"
2021-06-14,A,N2,6,1,5,18,17,37.05918121,NA,"A = NA (sd=NA, n=0); B = NA (sd=NA, n=0); C = NA (sd=NA, n=0); D = NA (sd=NA, n=0); E = NA (sd=NA, n=0); F = 37.06 (sd=NA, n=1)"
2021-06-14,B,N1,6,0,6,18,18,NA,NA,"A = NA (sd=NA, n=0); B = NA (sd=NA, n=0); C = NA (sd=NA, n=0); D = NA (sd=NA, n=0); E = NA (sd=NA, n=0); F = NA (sd=NA, n=0)"
2021-06-14,B,N2,6,0,6,18,18,NA,NA,"A = NA (sd=NA, n=0); B = NA (sd=NA, n=0); C = NA (sd=NA, n=0); D = NA (sd=NA, n=0); E = NA (sd=NA, n=0); F = NA (sd=NA, n=0)"
2021-06-14,C,N1,6,3,3,18,15,36.256952919999996,0.6959226552520809,"A = NA (sd=NA, n=0); B = 35.8 (sd=NA, n=1); C = 37.06 (sd=NA, n=1); D = NA (sd=NA, n=0); E = 35.91 (sd=NA, n=1); F = NA (sd=NA, n=0)"
2021-06-14,C,N2,6,0,6,18,18,NA,NA,"A = NA (sd=NA, n=0); B = NA (sd=NA, n=0); C = NA (sd=NA, n=0); D = NA (sd=NA, n=0); E = NA (sd=NA, n=0); F = NA (sd=NA, n=0)"
2021-06-16,A,N1,6,0,6,18,18,NA,NA,"A = NA (sd=NA, n=0); B = NA (sd=NA, n=0); C = NA (sd=NA, n=0); D = NA (sd=NA, n=0); E = NA (sd=NA, n=0); F = NA (sd=NA, n=0)"
2021-06-16,A,N2,6,0,6,18,18,NA,NA,"A = NA (sd=NA, n=0); B = NA (sd=NA, n=0); C = NA (sd=NA, n=0); D = NA (sd=NA, n=0); E = NA (sd=NA, n=0); F = NA (sd=NA, n=0)"
2021-06-16,B,N1,6,0,6,18,18,NA,NA,"A = NA (sd=NA, n=0); B = NA (sd=NA, n=0); C = NA (sd=NA, n=0); D = NA (sd=NA, n=0); E = NA (sd=NA, n=0); F = NA (sd=NA, n=0)"
2021-06-16,B,N2,6,0,6,18,18,NA,NA,"A = NA (sd=NA, n=0); B = NA (sd=NA, n=0); C = NA (sd=NA, n=0); D = NA (sd=NA, n=0); E = NA (sd=NA, n=0); F = NA (sd=NA, n=0)"
2021-06-16,C,N1,6,1,5,18,17,36.95698166,NA,"A = 36.96 (sd=NA, n=1); B = NA (sd=NA, n=0); C = NA (sd=NA, n=0); D = NA (sd=NA, n=0); E = NA (sd=NA, n=0); F = NA (sd=NA, n=0)"
2021-06-16,C,N2,6,1,5,18,17,37.04135513,NA,"A = NA (sd=NA, n=0); B = NA (sd=NA, n=0); C = NA (sd=NA, n=0); D = NA (sd=NA, n=0); E = NA (sd=NA, n=0); F = 37.04 (sd=NA, n=1)"
2021-06-21,A,N1,6,0,6,18,18,NA,NA,"A = NA (sd=NA, n=0); B = NA (sd=NA, n=0); C = NA (sd=NA, n=0); D = NA (sd=NA, n=0); E = NA (sd=NA, n=0); F = NA (sd=NA, n=0)"
2021-06-21,A,N2,6,0,6,18,18,NA,NA,"A = NA (sd=NA, n=0); B = NA (sd=NA, n=0); C = NA (sd=NA, n=0); D = NA (sd=NA, n=0); E = NA (sd=NA, n=0); F = NA (sd=NA, n=0)"
2021-06-21,B,N1,6,2,4,18,15,36.2294883725,0.3036784941302235,"A = 36.44 (sd=0.88, n=2); B = 36.01 (sd=NA, n=1); C = NA (sd=NA, n=0); D = NA (sd=NA, n=0); E = NA (sd=NA, n=0); F = NA (sd=NA, n=0)"
2021-06-21,B,N2,6,3,3,18,11,35.364633985,1.1941723441839802,"A = NA (sd=NA, n=0); B = 34.24 (sd=0.05, n=2); C = NA (sd=NA, n=0); D = NA (sd=NA, n=0); E = 36.62 (sd=0.57, n=3); F = 35.23 (sd=0.4, n=2)"
2021-06-21,C,N1,6,1,5,18,17,35.89442825,NA,"A = NA (sd=NA, n=0); B = NA (sd=NA, n=0); C = NA (sd=NA, n=0); D = NA (sd=NA, n=0); E = 35.89 (sd=NA, n=1); F = NA (sd=NA, n=0)"
2021-06-21,C,N2,6,0,6,18,18,NA,NA,"A = NA (sd=NA, n=0); B = NA (sd=NA, n=0); C = NA (sd=NA, n=0); D = NA (sd=NA, n=0); E = NA (sd=NA, n=0); F = NA (sd=NA, n=0)"
2021-06-23,A,N1,6,0,6,18,18,NA,NA,"A = NA (sd=NA, n=0); B = NA (sd=NA, n=0); C = NA (sd=NA, n=0); D = NA (sd=NA, n=0); E = NA (sd=NA, n=0); F = NA (sd=NA, n=0)"
2021-06-23,A,N2,6,0,6,18,18,NA,NA,"A = NA (sd=NA, n=0); B = NA (sd=NA, n=0); C = NA (sd=NA, n=0); D = NA (sd=NA, n=0); E = NA (sd=NA, n=0); F = NA (sd=NA, n=0)"
2021-06-23,B,N1,6,1,5,18,16,34.721580505000006,NA,"A = 34.72 (sd=0.15, n=2); B = NA (sd=NA, n=0); C = NA (sd=NA, n=0); D = NA (sd=NA, n=0); E = NA (sd=NA, n=0); F = NA (sd=NA, n=0)"
2021-06-23,B,N2,6,1,5,18,17,37.1190834,NA,"A = NA (sd=NA, n=0); B = NA (sd=NA, n=0); C = 37.12 (sd=NA, n=1); D = NA (sd=NA, n=0); E = NA (sd=NA, n=0); F = NA (sd=NA, n=0)"
2021-06-23,C,N1,6,1,5,18,17,37.13151932,NA,"A = NA (sd=NA, n=0); B = NA (sd=NA, n=0); C = NA (sd=NA, n=0); D = NA (sd=NA, n=0); E = NA (sd=NA, n=0); F = 37.13 (sd=NA, n=1)"
2021-06-23,C,N2,6,0,6,18,18,NA,NA,"A = NA (sd=NA, n=0); B = NA (sd=NA, n=0); C = NA (sd=NA, n=0); D = NA (sd=NA, n=0); E = NA (sd=NA, n=0); F = NA (sd=NA, n=0)"
2021-06-28,A,N1,6,0,6,18,18,NA,NA,"A = NA (sd=NA, n=0); B = NA (sd=NA, n=0); C = NA (sd=NA, n=0); D = NA (sd=NA, n=0); E = NA (sd=NA, n=0); F = NA (sd=NA, n=0)"
2021-06-28,A,N2,6,0,6,18,18,NA,NA,"A = NA (sd=NA, n=0); B = NA (sd=NA, n=0); C = NA (sd=NA, n=0); D = NA (sd=NA, n=0); E = NA (sd=NA, n=0); F = NA (sd=NA, n=0)"
2021-06-28,B,N1,6,0,6,18,18,NA,NA,"A = NA (sd=NA, n=0); B = NA (sd=NA, n=0); C = NA (sd=NA, n=0); D = NA (sd=NA, n=0); E = NA (sd=NA, n=0); F = NA (sd=NA, n=0)"
2021-06-28,B,N2,6,0,6,18,18,NA,NA,"A = NA (sd=NA, n=0); B = NA (sd=NA, n=0); C = NA (sd=NA, n=0); D = NA (sd=NA, n=0); E = NA (sd=NA, n=0); F = NA (sd=NA, n=0)"
2021-06-28,C,N1,6,0,6,18,18,NA,NA,"A = NA (sd=NA, n=0); B = NA (sd=NA, n=0); C = NA (sd=NA, n=0); D = NA (sd=NA, n=0); E = NA (sd=NA, n=0); F = NA (sd=NA, n=0)"
2021-06-28,C,N2,6,0,6,18,18,NA,NA,"A = NA (sd=NA, n=0); B = NA (sd=NA, n=0); C = NA (sd=NA, n=0); D = NA (sd=NA, n=0); E = NA (sd=NA, n=0); F = NA (sd=NA, n=0)"
2021-06-30,A,N1,6,0,6,18,18,NA,NA,"A = NA (sd=NA, n=0); B = NA (sd=NA, n=0); C = NA (sd=NA, n=0); D = NA (sd=NA, n=0); E = NA (sd=NA, n=0); F = NA (sd=NA, n=0)"
2021-06-30,A,N2,6,1,5,18,17,37.01018906,NA,"A = NA (sd=NA, n=0); B = NA (sd=NA, n=0); C = NA (sd=NA, n=0); D = NA (sd=NA, n=0); E = 37.01 (sd=NA, n=1); F = NA (sd=NA, n=0)"
2021-06-30,B,N1,6,0,6,18,18,NA,NA,"A = NA (sd=NA, n=0); B = NA (sd=NA, n=0); C = NA (sd=NA, n=0); D = NA (sd=NA, n=0); E = NA (sd=NA, n=0); F = NA (sd=NA, n=0)"
2021-06-30,B,N2,6,0,6,18,18,NA,NA,"A = NA (sd=NA, n=0); B = NA (sd=NA, n=0); C = NA (sd=NA, n=0); D = NA (sd=NA, n=0); E = NA (sd=NA, n=0); F = NA (sd=NA, n=0)"
2021-06-30,C,N1,6,0,6,18,18,NA,NA,"A = NA (sd=NA, n=0); B = NA (sd=NA, n=0); C = NA (sd=NA, n=0); D = NA (sd=NA, n=0); E = NA (sd=NA, n=0); F = NA (sd=NA, n=0)"
2021-06-30,C,N2,6,0,6,18,18,NA,NA,"A = NA (sd=NA, n=0); B = NA (sd=NA, n=0); C = NA (sd=NA, n=0); D = NA (sd=NA, n=0); E = NA (sd=NA, n=0); F = NA (sd=NA, n=0)"
